City_ID,City,Country,Date,Lat,Lng,Max Temp,Humidity,Cloudiness,Wind Speed
0,Vaini,TO,2022-07-18 21:59:18,-21.2,-175.2,75.36,88,75,10.36
1,Konch,IN,2022-07-18 22:02:10,25.9833,79.15,93.24,47,92,6.26
2,Busselton,AU,2022-07-18 22:02:10,-33.65,115.3333,50.29,86,0,8.68
3,Vila,PT,2022-07-18 22:02:11,42.0304,-8.1588,58.08,83,7,4.76
4,Yulara,AU,2022-07-18 22:02:12,-25.2406,130.9889,48.16,29,0,7.18
5,Thunder Bay,CA,2022-07-18 22:00:06,48.4001,-89.3168,81.86,48,72,6.69
6,Verkhnevilyuysk,RU,2022-07-18 22:02:13,63.4453,120.3167,63.36,88,100,4.76
7,Kimberley,ZA,2022-07-18 22:02:13,-28.7323,24.7623,52.03,48,0,7.65
8,Hasaki,JP,2022-07-18 22:02:14,35.7333,140.8333,81.0,85,100,13.22
9,Kiunga,PG,2022-07-18 22:02:14,-6.1219,141.2906,72.79,99,100,0.45
10,Provideniya,RU,2022-07-18 22:01:56,64.3833,-173.3,42.91,81,100,13.42
11,Kaitangata,NZ,2022-07-18 22:02:15,-46.2817,169.8464,46.06,92,100,8.43
12,Punta Arenas,CL,2022-07-18 21:59:54,-53.15,-70.9167,41.11,75,75,29.93
13,Hami,CN,2022-07-18 22:02:16,42.8,93.45,76.46,35,91,6.46
14,Yellowknife,CA,2022-07-18 21:58:01,62.456,-114.3525,72.12,56,40,9.22
15,Cabo San Lucas,MX,2022-07-18 22:02:17,22.8909,-109.9124,91.18,64,11,11.1
16,Rikitea,PF,2022-07-18 22:02:17,-23.1203,-134.9692,74.71,76,17,12.08
17,Ilulissat,GL,2022-07-18 22:02:18,69.2167,-51.1,50.02,66,20,3.44
18,Brae,GB,2022-07-18 22:02:18,60.3964,-1.353,55.54,87,72,7.4
19,Riyadh,SA,2022-07-18 22:01:57,24.6877,46.7219,94.26,13,37,3.98
20,Monte Alegre,BR,2022-07-18 22:02:19,-2.0078,-54.0692,81.05,69,67,3.71
21,Leh,IN,2022-07-18 22:02:20,34.1667,77.5833,65.53,38,57,3.36
22,Xuzhou,CN,2022-07-18 22:02:20,34.1805,117.1571,77.7,78,69,4.99
23,East London,ZA,2022-07-18 22:00:11,-33.0153,27.9116,68.97,35,8,8.97
24,Alugan,PH,2022-07-18 22:02:21,12.2188,125.4808,79.21,83,92,7.27
25,Viedma,AR,2022-07-18 21:58:00,-40.8135,-62.9967,44.08,37,34,7.83
26,Petropavlovsk-Kamchatskiy,RU,2022-07-18 22:02:23,53.0452,158.6483,54.19,100,100,4.47
27,Malakal,SS,2022-07-18 22:02:23,9.5334,31.6605,68.83,94,37,0.6
28,Constitucion,CL,2022-07-18 22:02:23,-35.3333,-72.4167,50.68,89,90,9.84
29,Half Moon Bay,US,2022-07-18 22:02:24,37.4636,-122.4286,99.88,71,0,21.85
30,Bria,CF,2022-07-18 22:02:25,6.5423,21.9863,69.06,98,100,3.11
31,Geraldton,AU,2022-07-18 21:56:31,-28.7667,114.6,55.81,88,100,11.5
32,Salalah,OM,2022-07-18 21:57:33,17.0151,54.0924,77.11,94,100,3.83
33,Egvekinot,RU,2022-07-18 22:02:25,66.3167,-179.1667,44.22,52,100,12.66
34,Lethem,GY,2022-07-18 22:02:26,3.3803,-59.7968,80.74,82,88,4.09
35,Naze,JP,2022-07-18 22:02:26,28.3667,129.4833,80.73,87,100,16.58
36,Poum,NC,2022-07-18 22:02:27,-20.2333,164.0167,73.92,87,56,8.3
37,Ushuaia,AR,2022-07-18 21:56:19,-54.8,-68.3,38.86,87,75,25.32
38,Atar,MR,2022-07-18 22:02:28,20.5169,-13.0499,94.46,29,44,10.74
39,Vila Franca Do Campo,PT,2022-07-18 22:02:29,37.7167,-25.4333,70.21,90,38,2.04
40,Mackay,AU,2022-07-18 22:00:35,-21.15,149.2,59.68,81,0,8.39
41,Pevek,RU,2022-07-18 21:54:50,69.7008,170.3133,33.04,80,100,2.53
42,Bredasdorp,ZA,2022-07-18 21:56:27,-34.5322,20.0403,54.28,85,100,2.04
43,Taksimo,RU,2022-07-18 22:02:30,56.3444,114.8794,61.14,82,0,0.34
44,Chuy,UY,2022-07-18 21:56:25,-33.6971,-53.4616,48.24,82,2,2.37
45,Cape Town,ZA,2022-07-18 21:54:49,-33.9258,18.4232,56.91,80,0,7.0
46,Sulphur,US,2022-07-18 22:02:31,30.2366,-93.3774,94.98,62,0,13.8
47,New Norfolk,AU,2022-07-18 22:02:32,-42.7826,147.0587,42.93,87,83,2.91
48,Ucluelet,CA,2022-07-18 22:03:32,48.9329,-125.5528,65.08,81,89,1.99
49,Kodiak,US,2022-07-18 22:03:33,57.79,-152.4072,58.51,67,0,10.36
50,Kruisfontein,ZA,2022-07-18 22:00:44,-34.0033,24.7314,57.88,93,55,1.59
51,Arraial Do Cabo,BR,2022-07-18 22:03:34,-22.9661,-42.0278,69.66,94,20,4.61
52,Ancud,CL,2022-07-18 22:03:34,-41.8697,-73.8203,42.22,73,14,7.87
53,Ola,RU,2022-07-18 22:03:35,59.5833,151.2833,57.15,86,93,7.29
54,Touros,BR,2022-07-18 22:03:35,-5.1989,-35.4608,76.39,84,85,14.63
55,Kavieng,PG,2022-07-18 22:03:36,-2.5744,150.7967,82.9,76,100,11.99
56,Kapaa,US,2022-07-18 22:03:37,22.0752,-159.319,84.52,74,40,19.57
57,Turochak,RU,2022-07-18 22:03:37,52.2576,87.1224,49.24,96,79,2.8
58,Yarada,IN,2022-07-18 22:03:38,17.65,83.2667,79.12,94,75,2.3
59,Mataura,NZ,2022-07-18 22:03:38,-46.1927,168.8643,44.47,97,100,1.03
60,Port Blair,IN,2022-07-18 22:03:38,11.6667,92.75,80.94,84,99,7.7
61,Clyde River,CA,2022-07-18 22:03:39,70.4692,-68.5914,40.5,80,52,5.03
62,Aleksandrovsk-Sakhalinskiy,RU,2022-07-18 22:03:40,50.8975,142.1561,58.5,95,86,2.8
63,Hermanus,ZA,2022-07-18 22:03:41,-34.4187,19.2345,53.8,83,99,4.34
64,Palana,RU,2022-07-18 22:03:41,59.1167,159.9667,52.88,88,94,8.46
65,Walvis Bay,NA,2022-07-18 22:03:42,-22.9575,14.5053,55.09,61,1,8.12
66,Saint-Philippe,RE,2022-07-18 22:03:43,-21.3585,55.7679,69.39,84,63,17.92
67,Kamaishi,JP,2022-07-18 22:03:43,39.2667,141.8833,73.53,84,100,1.28
68,Airai,TL,2022-07-18 22:03:44,-8.9266,125.4092,50.31,54,95,2.73
69,Tirano,IT,2022-07-18 22:03:44,46.2154,10.1679,75.47,86,90,1.41
70,Visnes,NO,2022-07-18 22:03:45,59.3556,5.2242,58.82,94,52,1.14
71,Avarua,CK,2022-07-18 22:00:31,-21.2078,-159.775,75.25,73,40,5.75
72,Tilichiki,RU,2022-07-18 22:03:46,60.4667,166.1,60.08,60,100,4.65
73,Brokopondo,SR,2022-07-18 22:03:46,4.75,-55.1667,81.18,81,37,8.23
74,San Policarpo,PH,2022-07-18 22:03:46,12.1791,125.5072,79.75,82,95,7.61
75,Ahipara,NZ,2022-07-18 22:03:47,-35.1667,173.1667,61.27,82,84,11.97
76,Saint George,US,2022-07-18 22:00:19,37.1041,-113.5841,102.79,22,0,4.61
77,Hithadhoo,MV,2022-07-18 22:03:48,-0.6,73.0833,81.37,76,100,11.12
78,Juneau,US,2022-07-18 22:03:06,58.3019,-134.4197,57.85,92,100,4.61
79,Davila,PH,2022-07-18 22:03:49,18.4726,120.5763,76.98,85,76,6.62
80,Mahebourg,MU,2022-07-18 22:03:50,-20.4081,57.7,68.25,88,40,17.27
81,Souillac,MU,2022-07-18 21:59:06,-20.5167,57.5167,66.58,88,40,17.27
82,Thinadhoo,MV,2022-07-18 22:03:51,0.5333,72.9333,82.9,72,99,12.8
83,San Cristobal,VE,2022-07-18 21:53:28,7.7669,-72.225,77.18,83,100,3.38
84,Albany,US,2022-07-18 22:03:52,42.6001,-73.9662,77.65,87,100,1.99
85,Broome,US,2022-07-18 22:03:52,42.2506,-75.833,77.41,81,40,13.8
86,Sitka,US,2022-07-18 22:03:53,57.0531,-135.33,55.29,82,100,4.61
87,Boralday,KZ,2022-07-18 22:03:54,43.3578,76.8594,67.86,56,40,4.47
88,Korla,CN,2022-07-18 22:00:29,41.7597,86.1469,80.55,18,5,12.66
89,Flin Flon,CA,2022-07-18 22:03:54,54.7682,-101.865,86.41,27,27,5.21
90,Lebu,CL,2022-07-18 22:03:55,-37.6167,-73.65,45.73,74,91,5.64
91,Qaanaaq,GL,2022-07-18 22:03:55,77.484,-69.3632,45.82,56,0,4.56
92,Argenta,IT,2022-07-18 22:04:56,44.6124,11.8356,78.22,55,0,4.29
93,Bluff,NZ,2022-07-18 22:04:56,-46.6,168.3333,44.8,75,100,15.37
94,Cidreira,BR,2022-07-18 22:04:57,-30.1811,-50.2056,57.27,92,0,4.38
95,Miyako,JP,2022-07-18 22:04:58,39.6367,141.9525,73.89,83,90,0.31
96,Saskylakh,RU,2022-07-18 22:04:58,71.9167,114.0833,44.58,77,100,12.86
97,Sajanan,TN,2022-07-18 22:04:59,37.0573,9.2426,83.75,40,0,11.72
98,Birao,CF,2022-07-18 22:04:59,10.2849,22.7882,71.37,93,92,3.78
99,Atuona,PF,2022-07-18 22:05:00,-9.8,-139.0333,77.88,66,55,17.27
100,Tiksi,RU,2022-07-18 22:05:00,71.6872,128.8694,34.81,94,100,16.75
101,Bend,US,2022-07-18 22:05:01,44.0582,-121.3153,82.99,20,0,4.0
102,Somotillo,NI,2022-07-18 22:05:01,13.0433,-86.9064,89.65,62,91,7.14
103,Dikson,RU,2022-07-18 22:05:02,73.5069,80.5464,43.18,82,99,12.64
104,Bowen,AU,2022-07-18 22:05:03,-20.0167,148.2333,61.07,75,0,6.85
105,San Patricio,US,2022-07-18 22:05:03,28.017,-97.5169,98.19,47,57,16.64
106,Tasiilaq,GL,2022-07-18 21:59:04,65.6145,-37.6368,39.16,83,53,1.81
107,Butaritari,KI,2022-07-18 22:05:04,3.0707,172.7902,82.31,77,10,19.01
108,Turayf,SA,2022-07-18 22:05:05,31.6725,38.6637,85.05,26,3,10.02
109,Moron,AR,2022-07-18 22:05:06,-34.6534,-58.6198,56.97,49,78,5.79
110,Udachnyy,RU,2022-07-18 22:05:06,66.4167,112.4,49.86,75,99,5.59
111,Hilo,US,2022-07-18 22:05:07,19.7297,-155.09,89.28,72,100,10.36
112,Coamo,PR,2022-07-18 22:05:07,18.08,-66.3579,85.68,64,15,11.52
113,Kamyshin,RU,2022-07-18 22:05:08,50.0983,45.416,64.65,57,0,14.94
114,Hobart,AU,2022-07-18 21:54:37,-42.8794,147.3294,43.27,85,75,8.05
115,Nikolskoye,RU,2022-07-18 22:05:09,59.7035,30.7861,56.8,92,49,4.52
116,Jamestown,US,2022-07-18 22:05:10,42.097,-79.2353,73.02,85,100,12.66
117,Pacifica,US,2022-07-18 22:01:13,37.6138,-122.4869,93.06,78,20,21.85
118,Carnarvon,AU,2022-07-18 22:05:11,-24.8667,113.6333,61.05,67,0,14.23
119,Sao Felix Do Xingu,BR,2022-07-18 22:05:11,-6.6447,-51.995,79.48,45,25,0.96
120,Dingle,PH,2022-07-18 22:05:12,10.9995,122.6711,75.0,96,100,5.93
121,Katsuura,JP,2022-07-18 22:05:13,35.1333,140.3,78.82,88,100,19.98
122,Tuatapere,NZ,2022-07-18 22:05:13,-46.1333,167.6833,44.85,91,100,3.47
123,Sinnamary,GF,2022-07-18 22:05:14,5.3833,-52.95,78.82,85,29,8.7
124,Ponta Do Sol,PT,2022-07-18 22:00:45,32.6667,-17.1,73.0,81,12,3.24
125,Luderitz,NA,2022-07-18 22:05:14,-26.6481,15.1594,57.54,85,0,13.0
126,Omboue,GA,2022-07-18 22:05:15,-1.5746,9.2618,72.57,84,57,6.82
127,Norman Wells,CA,2022-07-18 21:59:21,65.282,-126.8329,75.24,41,75,8.05
128,Warri,NG,2022-07-18 22:05:16,5.5167,5.75,73.42,84,92,3.74
129,Sambava,MG,2022-07-18 22:05:16,-14.2667,50.1667,69.51,80,71,16.93
130,Pangai,TO,2022-07-18 22:05:17,-19.8,-174.35,76.64,80,63,23.24
131,Kirovskiy,RU,2022-07-18 22:05:17,45.0917,133.5136,65.97,95,100,1.45
132,Sangar,RU,2022-07-18 22:05:18,63.9242,127.4739,73.6,75,42,8.28
133,Urusha,RU,2022-07-18 22:05:18,54.05,122.9,63.72,96,65,0.22
134,Caravelas,BR,2022-07-18 22:01:44,-17.7125,-39.2481,70.86,75,38,4.88
135,Kudahuvadhoo,MV,2022-07-18 22:05:19,2.6708,72.8944,81.97,74,100,12.12
136,Liberia,LR,2022-07-18 22:05:20,6.5,-9.5,70.7,91,71,4.59
137,Codrington,AU,2022-07-18 21:59:14,-38.2667,141.9667,46.6,72,100,4.85
138,Lavrentiya,RU,2022-07-18 22:05:21,65.5833,-171.0,36.3,90,99,13.96
139,Tulsa,US,2022-07-18 22:03:58,36.1001,-95.9003,101.62,28,0,10.36
140,Hualmay,PE,2022-07-18 22:06:21,-11.0964,-77.6139,65.01,75,62,11.61
141,Lasa,IT,2022-07-18 22:06:22,46.6166,10.7002,66.06,80,86,0.74
142,Karasjok,NO,2022-07-18 22:06:23,69.4719,25.5112,50.38,90,80,5.68
143,Tulle,FR,2022-07-18 22:06:23,45.3333,1.8333,73.13,46,0,3.87
144,Lukulu,ZM,2022-07-18 22:06:24,-14.3707,23.242,54.59,48,5,7.85
145,Grand Gaube,MU,2022-07-18 22:06:24,-20.0064,57.6608,68.38,70,63,13.0
146,Kralendijk,BQ,2022-07-18 22:03:57,12.15,-68.2667,84.18,70,0,24.16
147,Yeppoon,AU,2022-07-18 22:06:25,-23.1333,150.7333,51.58,78,4,5.55
148,Pangnirtung,CA,2022-07-18 22:06:25,66.1451,-65.7125,48.74,66,99,3.51
149,Praia Da Vitoria,PT,2022-07-18 22:06:26,38.7333,-27.0667,73.76,88,69,8.43
150,Okhotsk,RU,2022-07-18 22:06:26,59.3833,143.3,58.98,85,100,1.07
151,Paamiut,GL,2022-07-18 22:06:27,61.994,-49.6678,45.03,82,100,1.25
152,Muzhi,RU,2022-07-18 22:06:27,65.3667,64.6667,59.61,67,90,3.0
153,Torbay,CA,2022-07-18 22:06:28,47.6666,-52.7314,69.76,72,38,13.6
154,Tuktoyaktuk,CA,2022-07-18 22:06:29,69.4541,-133.0374,55.71,81,100,5.64
155,Yar-Sale,RU,2022-07-18 22:06:29,66.8333,70.8333,56.1,63,82,7.81
156,Port Lincoln,AU,2022-07-18 22:06:30,-34.7333,135.8667,52.84,62,100,9.82
157,Namatanai,PG,2022-07-18 22:06:30,-3.6667,152.4333,81.88,73,96,8.3
158,Launceston,AU,2022-07-18 22:04:39,-41.45,147.1667,32.14,90,100,3.44
159,Port Elizabeth,ZA,2022-07-18 22:00:14,-33.918,25.5701,63.32,91,43,3.0
160,Alyangula,AU,2022-07-18 22:06:31,-13.8483,136.4192,69.04,78,83,7.56
161,Mehamn,NO,2022-07-18 22:06:32,71.0357,27.8492,60.71,77,0,5.75
162,Faya,SA,2022-07-18 22:06:32,18.3851,42.4509,68.52,38,51,3.94
163,Ormara,PK,2022-07-18 22:06:33,25.2088,64.6357,83.21,87,58,7.85
164,Pittsfield,US,2022-07-18 22:06:33,42.4501,-73.2454,76.5,84,100,4.61
165,Tessalit,ML,2022-07-18 22:02:15,20.1986,1.0114,87.49,44,58,17.9
166,Harer,ET,2022-07-18 22:06:34,9.3094,42.1258,60.01,70,97,9.66
167,Adrar,MR,2022-07-18 22:06:35,20.5022,-10.0711,99.03,15,65,4.81
168,Bambous Virieux,MU,2022-07-18 22:06:35,-20.3428,57.7575,68.22,88,40,17.27
169,Kushiro,JP,2022-07-18 22:06:36,42.975,144.3747,67.15,94,75,2.3
170,Haines Junction,CA,2022-07-18 22:06:36,60.7522,-137.5108,56.53,60,95,6.98
171,Puerto Ayora,EC,2022-07-18 22:05:23,-0.7393,-90.3518,76.96,91,96,5.99
172,Sao Filipe,CV,2022-07-18 22:06:37,14.8961,-24.4956,75.97,81,20,10.42
173,Nuuk,GL,2022-07-18 22:06:38,64.1835,-51.7216,50.61,62,75,4.61
174,Nelson Bay,AU,2022-07-18 22:06:38,-32.7167,152.15,49.08,97,99,10.0
175,Zlitan,LY,2022-07-18 22:06:39,32.4674,14.5687,79.2,71,0,8.57
176,Port Alfred,ZA,2022-07-18 22:06:39,-33.5906,26.891,64.9,57,86,8.81
177,Bandarbeyla,SO,2022-07-18 22:06:40,9.4942,50.8122,75.76,79,78,35.16
178,Bolshoy Lug,RU,2022-07-18 22:06:40,52.0779,104.0919,59.18,99,99,5.95
179,Ribeira Grande,PT,2022-07-18 22:00:48,38.5167,-28.7,73.02,90,23,6.31
180,Vanavara,RU,2022-07-18 22:06:41,60.34,102.2797,57.33,97,100,2.75
181,Burgeo,CA,2022-07-18 22:02:40,47.6167,-57.6152,62.73,93,100,5.1
182,Palafrugell,ES,2022-07-18 22:06:42,41.9174,3.1631,78.71,71,0,1.99
183,Saint-Leu,RE,2022-07-18 22:06:42,-21.15,55.2833,68.86,69,6,8.01
184,Dublin,US,2022-07-18 22:01:59,37.7021,-121.9358,103.06,32,0,13.8
185,Aklavik,CA,2022-07-18 22:06:43,68.2191,-135.0107,67.8,58,100,13.04
186,Iqaluit,CA,2022-07-18 22:06:43,63.7506,-68.5145,41.7,86,64,8.01
187,Pisco,PE,2022-07-18 22:04:59,-13.7,-76.2167,64.45,72,0,3.44
188,Castro,BR,2022-07-18 22:06:44,-24.7911,-50.0119,57.31,99,100,3.2
189,Mayumba,GA,2022-07-18 22:07:45,-3.432,10.6554,69.94,91,19,4.99
190,Bengkulu,ID,2022-07-18 22:07:45,-3.8004,102.2655,75.13,88,3,3.6
191,Saint-Augustin,CA,2022-07-18 22:07:46,51.226,-58.6502,69.26,63,86,12.57
192,Uchiza,PE,2022-07-18 22:07:46,-8.4592,-76.4633,71.24,97,100,0.85
193,Kano,NG,2022-07-18 22:07:47,12.0001,8.5167,77.61,73,90,9.6
194,Guerrero Negro,MX,2022-07-18 22:07:47,27.9769,-114.0611,82.74,47,3,12.73
195,Luganville,VU,2022-07-18 22:07:48,-15.5333,167.1667,80.82,77,60,10.4
196,Russkaya Polyana,UA,2022-07-18 22:07:48,49.417,31.9201,56.95,71,39,6.02
197,Labuhan,ID,2022-07-18 22:07:49,-6.8844,112.2051,75.54,86,98,6.85
198,Nizwa,OM,2022-07-18 22:07:49,22.9333,57.5333,83.68,64,96,3.29
199,Gondanglegi,ID,2022-07-18 22:07:50,-7.7479,112.0132,74.1,87,15,9.37
200,Grindavik,IS,2022-07-18 22:07:50,63.8424,-22.4338,52.27,87,75,4.61
201,Thompson,CA,2022-07-18 22:04:28,55.7435,-97.8558,84.42,27,38,2.64
202,Dingli,MT,2022-07-18 22:07:51,35.8614,14.3822,78.96,78,0,5.75
203,Sangmelima,CM,2022-07-18 22:07:11,2.9333,11.9833,68.0,95,100,4.18
204,Barrow,US,2022-07-18 22:07:51,71.2906,-156.7887,42.82,75,100,20.71
205,Faanui,PF,2022-07-18 22:07:52,-16.4833,-151.75,76.8,67,72,7.0
206,Khandyga,RU,2022-07-18 22:07:52,62.6667,135.6,72.28,51,100,5.3
207,Bethel,US,2022-07-18 22:07:53,41.3712,-73.414,77.04,92,75,9.22
208,Muros,ES,2022-07-18 22:07:53,42.7762,-9.0603,67.08,79,14,9.95
209,Beli Potok,RS,2022-07-18 22:07:54,44.7061,20.5197,66.38,61,5,0.74
210,Artesia,US,2022-07-18 22:03:22,33.8658,-118.0831,100.89,55,0,9.22
211,Tual,ID,2022-07-18 22:07:55,-5.6667,132.75,79.54,81,34,19.51
212,Plettenberg Bay,ZA,2022-07-18 22:07:55,-34.0527,23.3716,59.54,86,85,4.74
213,Calexico,US,2022-07-18 22:03:17,32.679,-115.4989,114.1,25,20,11.5
214,Bereda,ES,2022-07-18 22:07:56,43.2686,-7.5406,58.8,95,14,1.07
215,Severnyy,RU,2022-07-18 22:07:57,50.677,36.5532,57.24,82,0,8.95
216,Taoudenni,ML,2022-07-18 22:07:58,22.6783,-3.9836,100.26,6,0,6.04
217,Kalmunai,LK,2022-07-18 22:07:58,7.4167,81.8167,78.8,86,86,7.25
218,Saravan,AM,2022-07-18 22:07:59,39.7196,45.6483,62.83,53,2,10.0
219,Komsomolskiy,UZ,2022-07-18 22:05:33,40.4272,71.7189,81.32,26,0,11.5
220,Sandy Bay,AU,2022-07-18 22:08:00,-42.913,147.3532,43.3,85,75,8.05
221,Te Anau,NZ,2022-07-18 22:08:00,-45.4167,167.7167,42.62,96,100,4.18
222,Husavik,IS,2022-07-18 22:08:01,66.0449,-17.3389,51.24,80,81,3.33
223,Sioux Lookout,CA,2022-07-18 22:08:01,50.1001,-91.917,86.27,33,45,8.77
224,Cockburn Town,TC,2022-07-18 22:08:02,21.4612,-71.1419,81.68,80,0,18.57
225,Alofi,NU,2022-07-18 22:08:02,-19.0595,-169.9187,76.89,73,75,16.11
226,Daru,PG,2022-07-18 22:08:03,-9.0763,143.2092,76.96,91,89,16.55
227,Le Port,RE,2022-07-18 22:08:03,-20.9373,55.2919,69.8,50,11,10.71
228,Krasnyy Yar,RU,2022-07-18 22:08:04,46.5331,48.3456,80.53,45,7,13.35
229,Mayo,US,2022-07-18 22:08:04,38.8876,-76.5119,91.51,77,100,9.22
230,Miri,MY,2022-07-18 22:08:05,4.4148,114.0089,74.98,81,100,4.63
231,Port Hawkesbury,CA,2022-07-18 22:08:06,45.6169,-61.3485,82.9,70,59,11.1
232,Hovd,MN,2022-07-18 22:08:06,48.0056,91.6419,54.97,83,75,2.46
233,Pokhara,NP,2022-07-18 22:08:07,28.2333,83.9833,73.47,94,97,1.1
234,Weatherford,US,2022-07-18 22:06:11,32.7593,-97.7972,109.63,22,19,9.84
235,Sao Joao Da Barra,BR,2022-07-18 22:08:08,-21.6403,-41.0511,70.99,89,1,10.45
236,Bangassou,CF,2022-07-18 22:09:08,4.7413,22.8184,69.44,99,100,3.96
237,Menongue,AO,2022-07-18 22:09:09,-14.6585,17.691,49.26,49,0,3.98
238,Smithers,CA,2022-07-18 22:05:53,54.7804,-127.1743,64.02,68,97,6.33
239,Deputatskiy,RU,2022-07-18 22:09:10,69.3,139.9,41.94,87,100,4.05
240,Klaksvik,FO,2022-07-18 22:06:16,62.2266,-6.589,50.92,87,100,11.7
241,Evensk,RU,2022-07-18 22:09:11,61.95,159.2333,51.19,95,100,9.51
242,Shakawe,BW,2022-07-18 22:09:12,-18.3667,21.85,52.72,49,0,4.05
243,Naryan-Mar,RU,2022-07-18 22:09:12,67.6713,53.087,59.56,77,47,8.57
244,Vanimo,PG,2022-07-18 22:09:13,-2.6741,141.3028,77.27,88,89,2.98
245,Fuente Palmera,ES,2022-07-18 22:09:13,37.7049,-5.0996,86.95,45,0,10.0
246,Taltal,CL,2022-07-18 22:09:14,-25.4,-70.4833,61.45,70,14,3.91
247,Tabas,IR,2022-07-18 22:09:15,33.5959,56.9244,89.73,11,0,7.0
248,San Quintin,MX,2022-07-18 22:09:15,30.4833,-115.95,75.52,61,2,9.42
249,Severo-Kurilsk,RU,2022-07-18 22:08:58,50.6789,156.125,55.72,89,94,4.47
250,Berdigestyakh,RU,2022-07-18 22:09:16,62.0989,126.6992,72.07,61,33,2.3
251,Mabaruma,GY,2022-07-18 22:09:16,8.2,-59.7833,78.15,86,71,4.79
252,Mount Isa,AU,2022-07-18 22:09:17,-20.7333,139.5,53.37,50,0,9.22
253,Barsovo,RU,2022-07-18 22:09:18,61.1667,73.1667,60.93,64,99,6.76
254,Zhigansk,RU,2022-07-18 22:09:18,66.7697,123.3711,52.03,81,100,14.94
255,Hun,LY,2022-07-18 22:09:19,29.1268,15.9477,80.24,41,0,11.3
256,Balykshi,KZ,2022-07-18 22:09:19,47.0667,51.8667,82.4,44,0,13.42
257,Hervey Bay,AU,2022-07-18 22:09:20,-25.2986,152.8535,56.01,96,48,7.0
258,Bodden Town,KY,2022-07-18 22:09:20,19.2833,-81.25,89.6,66,40,10.36
259,Sao Miguel Do Araguaia,BR,2022-07-18 22:09:21,-13.275,-50.1628,78.46,27,0,4.25
260,Buchanan,LR,2022-07-18 22:09:23,5.8808,-10.0467,75.56,79,97,12.57
261,Ewa Beach,US,2022-07-18 22:09:23,21.3156,-158.0072,84.09,69,75,20.71
262,Piacabucu,BR,2022-07-18 22:09:24,-10.4056,-36.4344,74.1,84,39,13.4
263,Doha,QA,2022-07-18 22:09:24,25.2867,51.5333,96.69,52,0,5.75
264,Dabat,ET,2022-07-18 22:09:25,12.9842,37.765,54.73,87,95,3.18
265,Ambon,ID,2022-07-18 22:09:26,-3.6954,128.1814,75.24,16,75,3.44
266,Shymkent,KZ,2022-07-18 22:09:27,42.3,69.6,79.39,28,0,6.71
267,Nabire,ID,2022-07-18 22:09:27,-3.3667,135.4833,75.88,90,98,3.22
268,Upernavik,GL,2022-07-18 22:09:28,72.7868,-56.1549,43.92,75,100,0.38
269,Hit,IQ,2022-07-18 22:09:28,33.6416,42.8251,95.22,14,0,8.34
270,Beidao,CN,2022-07-18 22:09:29,34.5686,105.8933,63.7,83,100,2.21
271,Khanpur,PK,2022-07-18 22:09:29,28.6453,70.6567,90.73,62,5,6.22
272,Port Augusta,AU,2022-07-18 22:09:30,-32.5,137.7667,39.83,77,3,4.45
273,Dobrinka,RU,2022-07-18 22:09:30,52.1653,40.4731,55.44,94,54,12.95
274,Vao,NC,2022-07-18 22:06:18,-22.6667,167.4833,72.34,87,100,15.35
275,Marau,BR,2022-07-18 22:09:31,-28.4492,-52.2,52.29,88,19,1.23
276,Mount Gambier,AU,2022-07-18 22:01:58,-37.8333,140.7667,35.51,100,75,0.0
277,Kieta,PG,2022-07-18 22:08:17,-6.2167,155.6333,81.93,73,47,3.74
278,Riachao,BR,2022-07-18 22:09:33,-7.3619,-46.6172,79.9,37,35,3.85
279,Sheridan,US,2022-07-18 22:09:33,44.8333,-106.9173,97.47,22,0,28.77
280,Baraboo,US,2022-07-18 22:06:27,43.4711,-89.7443,89.96,55,40,10.36
281,Puri,IN,2022-07-18 22:10:34,19.8,85.85,81.12,83,100,10.47
282,Fort-Shevchenko,KZ,2022-07-18 22:10:35,44.5086,50.263,80.8,68,0,6.26
283,Yilan,TW,2022-07-18 22:10:35,24.757,121.753,88.02,99,100,1.99
284,Khatanga,RU,2022-07-18 22:10:36,71.9667,102.5,52.84,75,100,1.59
285,Jijiga,ET,2022-07-18 22:10:36,9.35,42.8,63.59,66,90,18.3
286,Aksha,RU,2022-07-18 22:10:37,50.2814,113.2867,62.96,73,24,2.17
287,Cherskiy,RU,2022-07-18 22:10:38,68.75,161.3,58.77,47,58,9.8
288,Sterling,US,2022-07-18 22:06:19,39.0062,-77.4286,84.27,88,75,3.44
289,Turiacu,BR,2022-07-18 22:10:38,-1.6633,-45.3717,75.0,90,29,4.76
290,Carmen,MX,2022-07-18 22:10:03,18.6333,-91.8333,91.44,55,75,11.5
291,Lucea,JM,2022-07-18 22:10:40,18.451,-78.1736,87.66,80,97,13.27
292,Heihe,CN,2022-07-18 22:10:41,50.2441,127.4902,64.4,80,72,1.95
293,Victoria,HK,2022-07-18 22:06:49,22.2855,114.1577,86.38,84,100,10.0
294,Castlemaine,AU,2022-07-18 22:10:41,-37.0667,144.2167,38.28,85,34,5.97
295,Lyubech,UA,2022-07-18 22:10:42,51.7026,30.6569,54.88,81,19,5.66
296,Tari,NG,2022-07-18 22:10:42,12.4086,4.4914,75.11,86,68,6.49
297,Rosario,AR,2022-07-18 22:05:59,-32.9468,-60.6393,59.95,50,0,3.44
298,Georgetown,MY,2022-07-18 22:07:28,5.4112,100.3354,82.33,90,20,0.0
299,Mar Del Plata,AR,2022-07-18 22:09:22,-38.0023,-57.5575,48.87,80,0,7.0
300,Nanortalik,GL,2022-07-18 22:10:43,60.1432,-45.2371,46.24,82,86,3.06
301,San Vicente,AR,2022-07-18 22:10:44,-26.6167,-54.1333,55.44,98,100,1.41
302,Nome,US,2022-07-18 22:10:44,64.5011,-165.4064,42.87,76,100,23.02
303,Shenjiamen,CN,2022-07-18 22:10:45,29.9576,122.298,77.0,96,100,2.01
304,Ust-Kuyga,RU,2022-07-18 22:10:45,70.0167,135.6,41.86,85,100,9.93
305,Eyl,SO,2022-07-18 22:10:45,7.9803,49.8164,77.2,67,98,27.25
306,Shache,CN,2022-07-18 22:10:46,38.4167,77.2406,78.71,15,0,5.41
307,Wexford,IE,2022-07-18 22:10:47,52.3342,-6.4575,67.21,76,100,2.26
308,Bay Roberts,CA,2022-07-18 22:10:47,47.5999,-53.2648,69.66,79,40,8.01
309,Olafsvik,IS,2022-07-18 22:10:48,64.8945,-23.7142,53.38,76,99,4.85
310,Bangangte,CM,2022-07-18 22:10:48,5.1409,10.5198,61.32,99,100,4.14
311,Xining,CN,2022-07-18 22:10:49,36.6167,101.7667,48.85,90,41,4.07
312,Kakinada,IN,2022-07-18 22:10:49,16.9333,82.2167,77.81,88,99,5.06
313,Wewak,PG,2022-07-18 22:10:50,-3.5534,143.6268,78.6,84,97,3.09
314,Palpa,PE,2022-07-18 22:10:50,-14.5336,-75.1856,76.64,42,75,6.31
315,Banikoara,BJ,2022-07-18 22:10:51,11.2985,2.4386,71.04,92,27,5.41
316,Beyneu,KZ,2022-07-18 22:10:51,45.3167,55.2,90.68,22,0,18.66
317,Binga,ZW,2022-07-18 22:10:52,-17.6203,27.3414,63.75,48,96,3.71
318,Lolotique,SV,2022-07-18 22:10:52,13.55,-88.35,86.22,53,49,0.31
319,Topolobampo,MX,2022-07-18 22:10:53,25.6,-109.05,91.31,49,20,11.5
320,Cururupu,BR,2022-07-18 22:07:09,-1.8283,-44.8683,75.4,90,42,4.03
321,Berlevag,NO,2022-07-18 22:10:54,70.8578,29.0864,60.75,72,75,4.61
322,Ambilobe,MG,2022-07-18 22:10:54,-13.2,49.05,65.19,69,78,6.85
323,Novonukutskiy,RU,2022-07-18 22:10:55,53.7002,102.7117,59.85,96,100,8.88
324,Broken Hill,AU,2022-07-18 22:10:55,-31.95,141.4333,38.66,72,5,6.78
325,Spencer,US,2022-07-18 22:10:56,43.1414,-95.1444,91.56,51,0,13.8
326,Henties Bay,NA,2022-07-18 22:10:56,-22.116,14.2845,58.42,82,1,4.36
327,Lagoa,PT,2022-07-18 22:10:57,39.05,-27.9833,69.53,88,95,12.37
328,Kununurra,AU,2022-07-18 22:10:58,-15.7667,128.7333,55.38,88,20,2.3
329,Idil,TR,2022-07-18 22:11:58,37.3411,41.8895,84.54,22,0,3.58
330,Ust-Maya,RU,2022-07-18 22:11:59,60.4167,134.5333,71.24,51,100,9.91
331,Cayenne,GF,2022-07-18 22:12:00,4.9333,-52.3333,82.09,1,75,1.14
332,Puerto Leguizamo,CO,2022-07-18 22:12:00,-0.1934,-74.7819,76.62,95,83,1.81
333,Kavaratti,IN,2022-07-18 22:12:01,10.5669,72.642,80.1,81,100,22.48
334,Inhambane,MZ,2022-07-18 22:12:01,-23.865,35.3833,68.14,88,3,2.42
335,Talnakh,RU,2022-07-18 22:12:02,69.4865,88.3972,56.21,61,93,3.87
336,Dawlatabad,AF,2022-07-18 22:12:02,36.4141,64.9053,84.54,14,0,5.55
337,Lompoc,US,2022-07-18 22:12:03,34.6391,-120.4579,85.84,59,0,16.11
338,Csepreg,HU,2022-07-18 22:12:04,47.401,16.7088,66.65,37,4,3.78
339,Isangel,VU,2022-07-18 22:12:04,-19.55,169.2667,78.6,81,75,9.24
340,Kampot,KH,2022-07-18 22:12:05,10.6167,104.1833,80.65,88,100,6.11
341,Pingliang,CN,2022-07-18 22:12:05,35.5392,106.6861,63.57,74,100,5.97
342,Genhe,CN,2022-07-18 22:12:06,50.7833,121.5167,62.53,95,93,1.25
343,Ballina,AU,2022-07-18 22:12:07,-28.8667,153.5667,53.02,99,35,9.26
344,Saint-Pierre,RE,2022-07-18 22:12:07,-21.3393,55.4781,69.48,65,0,26.46
345,Kaffrine,SN,2022-07-18 22:12:08,14.1059,-15.5508,81.27,74,55,8.84
346,Kuala Kedah,MY,2022-07-18 22:12:09,6.1,100.3,80.24,84,97,7.31
347,Nantucket,US,2022-07-18 22:12:09,41.2835,-70.0995,75.99,98,100,11.5
348,Ures,MX,2022-07-18 22:12:10,29.4333,-110.4,98.01,40,36,11.88
349,Hirna,ET,2022-07-18 22:12:10,9.2167,41.1,60.44,80,94,9.78
350,Dergaon,IN,2022-07-18 22:12:11,26.7,93.9667,78.26,92,100,5.84
351,Maningrida,AU,2022-07-18 22:12:11,-12.0667,134.2667,63.68,91,100,7.74
352,Porbandar,IN,2022-07-18 22:12:12,21.6422,69.6093,80.94,84,97,12.46
353,Oussouye,SN,2022-07-18 22:12:12,12.485,-16.5469,80.87,70,84,7.52
354,Boa Vista,BR,2022-07-18 22:10:52,2.8197,-60.6733,80.58,78,75,4.61
355,Semey,KZ,2022-07-18 22:12:13,50.4111,80.2275,62.65,52,49,5.5
356,Mae Sai,TH,2022-07-18 22:10:15,20.4335,99.8762,75.61,89,98,1.48
357,Billings,US,2022-07-18 22:11:54,45.7833,-108.5007,99.28,18,40,23.02
358,Abbeville,FR,2022-07-18 22:12:14,50.1,1.8333,78.76,21,25,8.61
359,Chokurdakh,RU,2022-07-18 22:12:14,70.6333,147.9167,43.07,67,80,13.11
360,Tura,IN,2022-07-18 22:12:15,25.5198,90.2201,74.26,97,98,5.39
361,Niono,ML,2022-07-18 22:12:15,14.2526,-5.993,87.24,52,96,14.23
362,Nizhniy Kuranakh,RU,2022-07-18 22:12:15,58.8353,125.4869,65.07,91,93,2.3
363,Shelburne,CA,2022-07-18 22:12:17,44.0787,-80.2041,79.75,55,71,9.86
364,Solnechnyy,RU,2022-07-18 22:12:17,50.7214,136.6319,56.44,98,100,4.94
365,Zyryanka,RU,2022-07-18 22:12:17,65.75,150.85,61.83,64,100,2.26
366,Banda Aceh,ID,2022-07-18 22:12:18,5.5577,95.3222,78.78,79,24,10.07
367,Vardo,NO,2022-07-18 22:12:19,70.3705,31.1107,53.58,87,28,2.3
368,Jalu,LY,2022-07-18 22:12:19,29.0331,21.5482,85.77,29,0,13.98
369,Awjilah,LY,2022-07-18 22:12:20,29.1081,21.2869,86.5,25,0,12.64
370,Vestmannaeyjar,IS,2022-07-18 22:12:21,63.4427,-20.2734,52.0,87,100,13.89
371,Marienburg,PL,2022-07-18 22:12:21,54.0359,19.0266,66.11,76,100,5.35
372,Balkhash,KZ,2022-07-18 22:12:21,46.844,74.9804,74.34,41,93,10.87
373,Mglin,RU,2022-07-18 22:12:22,53.0591,32.8475,51.39,92,23,6.71
374,Byron Bay,AU,2022-07-18 22:12:23,-28.65,153.6167,52.95,77,7,8.86
375,Itupiranga,BR,2022-07-18 22:12:23,-5.1347,-49.3267,80.92,51,89,1.01
376,Atlantis,ZA,2022-07-18 22:12:24,-33.5667,18.4834,54.99,84,0,4.14
377,Narsaq,GL,2022-07-18 22:13:24,60.9167,-46.05,59.22,71,100,2.91
378,Hvide Sande,DK,2022-07-18 22:13:25,56.0045,8.1294,59.09,89,73,4.36
379,Camacha,PT,2022-07-18 22:13:25,33.0833,-16.3333,67.42,73,40,11.5
380,Bisira,PA,2022-07-18 22:13:26,8.5196,-81.7115,64.49,93,100,2.06
381,Yatou,CN,2022-07-18 22:13:26,37.15,122.3833,72.12,79,27,4.85
382,Languyan,PH,2022-07-18 22:13:27,5.2618,120.0807,78.62,82,100,3.69
383,Havre-Saint-Pierre,CA,2022-07-18 22:13:27,50.2334,-63.5986,61.21,89,81,16.08
384,Kedrovka,RU,2022-07-18 22:13:28,55.5333,86.05,54.48,96,94,4.41
385,Aksu,CN,2022-07-18 22:13:28,41.1231,80.2644,78.19,27,11,3.6
386,Durban,ZA,2022-07-18 22:09:47,-29.8579,31.0292,61.02,75,0,4.59
387,Flinders,AU,2022-07-18 22:13:29,-34.5833,150.8552,49.17,72,52,11.01
388,Bousso,TD,2022-07-18 22:13:30,10.4795,16.7117,72.18,92,66,3.49
389,Susanville,US,2022-07-18 22:13:30,40.4163,-120.653,92.91,25,1,8.01
390,Ostrovnoy,RU,2022-07-18 22:13:31,68.0531,39.5131,53.62,88,6,9.01
391,Sorong,ID,2022-07-18 22:13:31,-0.8833,131.25,76.91,87,96,4.7
392,Hangu,CN,2022-07-18 22:13:32,39.2489,117.7892,80.64,71,72,1.81
393,Belyy Yar,RU,2022-07-18 22:13:33,53.6039,91.3903,58.89,76,0,6.71
394,Progreso,MX,2022-07-18 22:12:20,21.2833,-89.6667,84.31,70,59,12.77
395,Moindou,NC,2022-07-18 22:13:33,-21.6924,165.677,75.2,79,94,10.22
396,Omsukchan,RU,2022-07-18 22:13:34,62.5333,155.8,69.98,60,72,5.1
397,Tortoli,IT,2022-07-18 22:13:35,39.9256,9.6572,78.01,60,0,0.74
398,Conde,BR,2022-07-18 22:13:35,-7.2597,-34.9075,74.66,88,75,9.22
399,Pirajui,BR,2022-07-18 22:13:36,-21.9986,-49.4572,75.47,49,99,6.62
400,Goderich,CA,2022-07-18 22:13:36,43.7501,-81.7165,72.91,75,2,5.06
401,Anda,CN,2022-07-18 22:13:37,46.4,125.3167,69.24,85,32,4.36
402,Atkinson,US,2022-07-18 22:13:37,42.8384,-71.147,76.48,89,100,5.75
403,Kudat,MY,2022-07-18 22:13:38,6.8837,116.8477,77.52,85,100,6.15
404,Saldanha,ZA,2022-07-18 22:13:38,-33.0117,17.9442,55.69,79,0,11.16
405,Bogorodskoye,RU,2022-07-18 22:13:39,56.55,37.8833,49.71,95,63,8.08
406,Soller,ES,2022-07-18 22:13:39,39.7662,2.7152,83.86,71,0,1.57
407,Bagrami,AF,2022-07-18 22:13:39,34.4938,69.2743,76.41,57,0,2.62
408,Eureka,US,2022-07-18 22:13:40,40.8021,-124.1637,74.12,67,27,3.0
409,Toora-Khem,RU,2022-07-18 22:13:40,52.4675,96.11,50.76,81,100,4.5
410,Aswan,EG,2022-07-18 22:13:41,24.0934,32.907,89.06,19,3,9.22
411,Carberry,CA,2022-07-18 22:13:41,49.8689,-99.3602,81.23,70,69,13.27
412,Inzer,RU,2022-07-18 22:13:42,54.2167,57.5556,63.48,88,53,4.54
413,Birin,NP,2022-07-18 22:13:42,26.8865,88.0718,64.94,90,100,1.97
414,Mata,PT,2022-07-18 22:13:43,40.683,-7.4592,56.77,88,0,6.96
415,West Bay,KY,2022-07-18 22:13:43,19.3667,-81.4167,89.67,74,40,10.36
416,Lata,PT,2022-07-18 22:13:44,40.1629,-8.3327,59.92,96,4,1.52
417,Hailar,CN,2022-07-18 22:13:44,49.2,119.7,65.88,84,100,2.37
418,Coleraine,GB,2022-07-18 22:13:44,55.1333,-6.6667,64.31,91,100,2.33
419,Clayton,US,2022-07-18 22:11:31,33.5335,-84.3666,92.89,54,75,12.66
420,Coquimbo,CL,2022-07-18 22:13:16,-29.9533,-71.3436,58.73,77,0,5.75
421,Soderhamn,SE,2022-07-18 22:14:46,61.3037,17.0592,58.95,88,99,5.46
422,Beringovskiy,RU,2022-07-18 22:14:46,63.05,179.3167,53.4,51,8,24.94
423,Coalinga,US,2022-07-18 22:13:16,36.1397,-120.3602,97.05,15,67,15.41
424,Impfondo,CG,2022-07-18 22:14:47,1.6381,18.0667,71.62,91,99,1.3
425,Jepelacio,PE,2022-07-18 22:14:47,-6.1167,-76.95,69.1,91,91,0.58
426,Sandwick,GB,2022-07-18 22:14:48,60.0,-1.25,55.22,100,100,12.66
427,Itarema,BR,2022-07-18 22:14:48,-2.9248,-39.9167,78.24,71,23,15.77
428,Sumter,US,2022-07-18 22:12:54,28.7086,-82.0831,90.09,73,15,13.62
429,Laguna,US,2022-07-18 22:09:54,38.421,-121.4238,104.76,17,0,11.5
430,Russell,US,2022-07-18 22:14:49,32.3502,-85.1999,92.97,52,0,5.75
431,Chateaudun,FR,2022-07-18 22:14:50,48.0833,1.3333,82.63,27,0,7.78
432,Alpena,US,2022-07-18 22:11:16,45.0617,-83.4327,80.92,63,20,9.22
433,Ribas Do Rio Pardo,BR,2022-07-18 22:14:50,-20.4431,-53.7592,78.13,37,74,4.05
434,Mitsamiouli,KM,2022-07-18 22:11:16,-11.3847,43.2844,75.78,74,41,11.3
435,Maniwaki,CA,2022-07-18 22:14:51,46.3834,-75.966,71.04,87,100,4.45
436,Karratha,AU,2022-07-18 22:14:51,-20.7377,116.8463,66.78,68,2,6.13
437,Iralaya,HN,2022-07-18 22:14:53,15.0,-83.2333,81.72,85,82,15.05
438,Rafraf,TN,2022-07-18 22:14:53,37.1904,10.1837,84.51,63,0,11.01
439,Paranagua,BR,2022-07-18 22:14:54,-25.52,-48.5092,61.16,98,100,0.49
440,Bud,US,2022-07-18 22:14:54,39.447,-86.1758,83.93,81,33,0.36
441,Villazon,BO,2022-07-18 22:14:55,-22.0866,-65.5942,49.66,8,4,9.31
442,Hofn,IS,2022-07-18 22:12:22,64.2539,-15.2082,50.88,83,77,9.26
443,Evanston,US,2022-07-18 22:14:22,42.0411,-87.6901,91.11,48,40,10.36
444,Portland,US,2022-07-18 22:12:23,45.5234,-122.6762,80.53,53,20,11.5
445,Jiayuguan,CN,2022-07-18 22:14:57,39.8167,98.3,64.76,36,3,3.76
446,Yumen,CN,2022-07-18 22:14:57,40.2833,97.2,67.87,35,34,3.47
447,Kapoeta,SS,2022-07-18 22:14:58,4.7717,33.5903,74.57,75,97,3.51
448,Bambanglipuro,ID,2022-07-18 22:14:58,-7.95,110.2833,73.98,90,88,5.7
449,Samana,DO,2022-07-18 22:14:59,19.2056,-69.3369,82.36,74,8,10.09
450,Leningradskiy,RU,2022-07-18 22:14:59,69.3833,178.4167,34.45,89,100,20.74
451,Kuytun,RU,2022-07-18 22:15:00,54.3419,101.5036,54.27,95,100,5.26
452,Tondano,ID,2022-07-18 22:15:01,1.3038,124.9112,64.49,82,100,1.1
453,Tshela,CD,2022-07-18 22:15:01,-4.9833,12.9333,65.71,93,44,1.59
454,Gaya,IN,2022-07-18 22:15:02,24.7833,85.0,84.36,66,94,5.66
455,Minsk,BY,2022-07-18 22:15:02,53.9,27.5667,58.75,97,100,9.73
456,Parrita,CR,2022-07-18 22:15:03,9.5201,-84.3225,79.93,85,95,1.14
457,Bilma,NE,2022-07-18 22:15:03,18.6853,12.9164,94.23,13,89,8.95
458,Kirakira,SB,2022-07-18 22:15:04,-10.4544,161.9205,81.79,76,16,6.91
459,Neuquen,AR,2022-07-18 22:15:05,-38.9516,-68.0591,44.6,35,76,2.53
460,Rio Gallegos,AR,2022-07-18 22:15:05,-51.6226,-69.2181,34.66,73,82,13.0
461,Staryy Nadym,RU,2022-07-18 22:15:06,65.6118,72.6842,53.62,67,21,10.51
462,La Ronge,CA,2022-07-18 22:15:06,55.1001,-105.2842,84.42,28,40,10.36
463,Kaposvar,HU,2022-07-18 22:16:07,46.3667,17.8,66.15,32,22,2.93
464,Port Macquarie,AU,2022-07-18 22:16:07,-31.4333,152.9167,46.89,71,37,11.05
465,Nemuro,JP,2022-07-18 22:12:49,43.3236,145.575,60.48,99,100,6.71
466,Alta Floresta,BR,2022-07-18 22:12:31,-9.8756,-56.0861,81.25,29,1,3.89
467,Wukari,NG,2022-07-18 22:16:08,7.85,9.7833,74.07,80,52,5.23
468,Srednekolymsk,RU,2022-07-18 22:14:48,67.45,153.6833,65.52,46,97,7.92
469,Suraabad,AZ,2022-07-18 22:16:10,40.8192,49.4687,82.76,56,0,12.08
470,Rossland,CA,2022-07-18 22:16:10,49.0831,-117.8022,74.62,30,68,7.38
471,Ponorogo,ID,2022-07-18 22:16:11,-7.8685,111.462,72.61,93,44,3.44
472,Kalininsk,RU,2022-07-18 22:16:12,51.5,44.4758,57.49,78,0,11.77
473,Baie-Comeau,CA,2022-07-18 22:16:12,49.2168,-68.1489,69.48,64,40,8.05
474,Saint Anthony,US,2022-07-18 22:15:18,45.0205,-93.218,96.89,45,0,13.8
475,Lakes Entrance,AU,2022-07-18 22:16:13,-37.8811,147.981,42.17,77,98,3.76
476,Ixtapa,MX,2022-07-18 22:16:14,20.7,-105.2,88.83,55,40,11.5
477,Huarmey,PE,2022-07-18 22:15:43,-10.0681,-78.1522,66.02,76,62,11.12
478,Astoria,US,2022-07-18 22:16:15,46.1879,-123.8313,72.72,67,0,9.22
479,Barentu,ER,2022-07-18 22:16:15,15.1139,37.5928,70.63,74,67,11.61
480,Palmital,BR,2022-07-18 22:16:16,-22.7889,-50.2175,71.38,65,100,9.8
481,Roebourne,AU,2022-07-18 22:16:16,-20.7833,117.1333,65.73,68,1,5.1
482,Padang,ID,2022-07-18 22:16:17,-0.9492,100.3543,76.35,75,9,3.65
483,Soyo,AO,2022-07-18 22:16:18,-6.1349,12.3689,70.54,87,4,6.29
484,Kulhudhuffushi,MV,2022-07-18 22:16:18,6.6221,73.07,81.63,73,100,14.18
485,Esperance,AU,2022-07-18 22:16:19,-33.8667,121.9,51.64,89,40,5.14
486,Simdega,IN,2022-07-18 22:16:19,22.6167,84.5167,73.58,92,99,8.21
487,Bubaque,GW,2022-07-18 22:16:20,11.2833,-15.8333,79.43,84,99,12.33
488,Mogadishu,SO,2022-07-18 22:16:20,2.0371,45.3438,75.49,82,85,20.0
489,Kingaroy,AU,2022-07-18 22:16:21,-26.5333,151.8333,50.43,64,78,4.41
490,Yaan,NG,2022-07-18 22:16:21,7.3833,8.5667,74.17,78,80,5.19
491,Zyryanovsk,KZ,2022-07-18 22:16:22,49.7386,84.2719,47.39,79,1,0.56
492,Oum Hadjer,TD,2022-07-18 22:16:22,13.2954,19.6966,84.45,56,71,9.13
493,San Antonio,US,2022-07-18 22:15:21,29.4241,-98.4936,104.05,29,0,6.91
494,Tecpatan,MX,2022-07-18 22:16:23,17.1333,-93.3,78.8,85,91,4.56
495,Segezha,RU,2022-07-18 22:16:24,63.7415,34.3222,53.15,91,27,5.93
496,Umm Kaddadah,SD,2022-07-18 22:16:24,13.6017,26.6876,83.77,48,100,11.21
497,Ust-Tsilma,RU,2022-07-18 22:16:25,65.441,52.1498,59.63,72,80,2.39
498,Gat,IL,2022-07-18 22:13:00,31.61,34.7642,80.4,79,0,0.16
499,Zaragoza,ES,2022-07-18 22:16:26,41.6561,-0.8773,88.02,46,0,14.97
500,Fuling,CN,2022-07-18 22:16:27,29.7022,107.3919,76.32,98,100,2.04
501,Richards Bay,ZA,2022-07-18 22:16:27,-28.783,32.0377,67.1,80,0,12.12
502,Nago,JP,2022-07-18 22:16:28,26.5881,127.9761,86.45,87,100,13.53
503,Dalmatovo,RU,2022-07-18 22:16:28,56.26,62.9362,61.75,90,0,3.44
504,Sovetskaya Gavan,RU,2022-07-18 22:16:29,48.9723,140.2878,56.23,98,100,2.68
505,Boueni,YT,2022-07-18 22:17:30,-12.9025,45.0761,75.18,70,17,18.07
506,Patan,NP,2022-07-18 22:17:30,27.6667,85.3333,69.21,94,100,1.95
507,Pacific Grove,US,2022-07-18 22:16:22,36.6177,-121.9166,76.01,80,0,12.66
508,General Pico,AR,2022-07-18 22:17:31,-35.6566,-63.7568,46.65,30,11,4.09
509,Whitehorse,CA,2022-07-18 22:15:14,60.7161,-135.0538,63.01,56,75,6.91
510,Xinzhi,CN,2022-07-18 22:17:32,36.4989,111.7047,76.03,57,100,8.97
511,Jinxiang,CN,2022-07-18 22:17:32,27.4327,120.6062,79.99,93,100,8.08
512,Loreto,MX,2022-07-18 22:13:23,22.2667,-101.9667,80.96,21,56,3.74
513,Sistranda,NO,2022-07-18 22:17:33,63.7256,8.834,53.56,87,100,16.51
514,Mafinga,TZ,2022-07-18 22:17:34,-7.25,35.0667,64.69,56,33,5.95
515,Pak Phanang,TH,2022-07-18 22:17:35,8.3511,100.202,78.46,87,96,7.87
516,Viransehir,TR,2022-07-18 22:17:35,37.2353,39.7631,87.24,23,0,1.74
517,Chara,RU,2022-07-18 22:17:36,56.9064,118.2631,58.42,86,93,1.79
518,Margate,GB,2022-07-18 22:16:24,51.3813,1.3862,76.3,59,48,1.99
519,Nyrsko,CZ,2022-07-18 22:17:37,49.2939,13.1435,68.9,44,91,4.29
520,Baishishan,CN,2022-07-18 22:17:37,43.5833,127.5667,65.23,98,86,1.63
521,Garissa,KE,2022-07-18 22:17:38,-0.4536,39.6401,72.79,76,75,20.11
522,Siavonga,ZM,2022-07-18 22:17:38,-16.5382,28.7088,62.78,61,30,3.6
523,Cape Canaveral,US,2022-07-18 22:14:42,28.4058,-80.6048,88.2,81,20,17.27
524,Lazaro Cardenas,MX,2022-07-18 22:17:39,17.9583,-102.2,86.07,66,97,9.24
525,Koungou,YT,2022-07-18 22:17:40,-12.7336,45.2042,74.91,78,75,18.41
526,Mahibadhoo,MV,2022-07-18 22:17:40,3.7833,72.9667,81.54,78,98,16.11
527,Kahului,US,2022-07-18 22:17:41,20.8947,-156.47,89.62,60,40,24.16
528,Gurupi,BR,2022-07-18 22:17:41,-11.7292,-49.0686,79.75,29,4,5.46
529,Hefei,CN,2022-07-18 22:17:42,31.8639,117.2808,78.82,83,0,0.0
530,Verkhoyansk,RU,2022-07-18 22:17:42,67.5447,133.385,58.78,86,80,6.87
531,Terme,TR,2022-07-18 22:17:43,41.2092,36.9739,71.53,73,100,8.81
532,Coihaique,CL,2022-07-18 22:17:02,-45.5752,-72.0662,40.95,70,75,3.44
533,Comodoro Rivadavia,AR,2022-07-18 22:17:09,-45.8667,-67.5,48.06,46,0,18.41
534,Owando,CG,2022-07-18 22:17:44,-0.4819,15.8999,71.98,91,99,2.33
535,Kidal,ML,2022-07-18 22:14:32,18.4411,1.4078,83.86,46,99,10.67
536,Altamira,BR,2022-07-18 22:17:45,-3.2033,-52.2064,79.23,64,59,3.49
537,Chongwe,ZM,2022-07-18 22:17:46,-15.3292,28.682,52.02,75,2,3.36
538,Pangkalanbuun,ID,2022-07-18 22:17:46,-2.6833,111.6167,71.92,98,98,2.06
539,Conceicao Do Araguaia,BR,2022-07-18 22:12:55,-8.2578,-49.2647,80.19,35,6,1.63
540,Lima,PE,2022-07-18 22:15:53,-12.0432,-77.0282,69.91,66,75,9.22
541,Carutapera,BR,2022-07-18 22:17:47,-1.195,-46.02,77.92,84,77,8.59
542,Gourdon,FR,2022-07-18 22:17:48,44.75,1.5,78.42,34,0,7.63
543,Bose,IT,2022-07-18 22:17:48,45.4612,8.0137,77.76,68,9,6.26
544,Gallup,US,2022-07-18 22:17:49,35.5281,-108.7426,96.64,18,0,14.97
545,Longyearbyen,SJ,2022-07-18 22:17:49,78.2186,15.6401,51.64,66,75,13.8
546,Mpika,ZM,2022-07-18 22:17:50,-11.8343,31.4529,56.14,68,54,8.95
547,Porto Novo,BJ,2022-07-18 22:17:50,6.4965,2.6036,74.77,82,78,6.11
548,Alice Springs,AU,2022-07-18 22:17:51,-23.7,133.8833,38.75,52,85,0.0
549,Rawson,AR,2022-07-18 22:17:51,-43.3002,-65.1023,45.52,47,68,16.17
550,Nouadhibou,MR,2022-07-18 22:17:52,20.931,-17.0347,71.58,83,17,9.22
551,Xai-Xai,MZ,2022-07-18 22:15:32,-25.0519,33.6442,65.62,94,0,4.79
552,Hongjiang,CN,2022-07-18 22:17:53,27.11,109.9956,75.9,99,100,1.74
553,Tiarei,PF,2022-07-18 22:17:53,-17.5333,-149.3333,82.42,73,13,5.79
554,Yandyki,RU,2022-07-18 22:17:54,45.7691,47.1258,82.62,42,14,12.84
555,San Felipe,VE,2022-07-18 22:18:55,10.3399,-68.7425,76.17,97,51,5.03
556,Millbrook,US,2022-07-18 22:18:55,32.4799,-86.3619,91.33,55,100,13.8
557,Palora,EC,2022-07-18 22:18:56,-1.7,-77.9333,75.31,95,70,1.34
558,Ca Mau,VN,2022-07-18 22:18:56,9.1769,105.15,77.61,91,96,3.96
559,Baykit,RU,2022-07-18 22:18:57,61.67,96.37,56.05,98,98,4.59
