City_ID,City,Country,Lat,Lng,Max Temp,Humidity,Cloudiness,Wind Speed,Date
0,Mudkhed,IN,19.1667,77.5167,84.24,62,65,8.5,2022-07-31 05:58:36
1,Vallenar,CL,-28.5708,-70.7581,54.61,79,0,1.59,2022-07-31 05:58:37
2,Saint-Ambroise,CA,48.5501,-71.3324,66.74,72,86,8.05,2022-07-31 05:58:37
3,Bilma,NE,18.6853,12.9164,86.97,40,59,9.51,2022-07-31 05:58:38
4,Pinsk,BY,52.1229,26.0951,60.87,95,100,11.5,2022-07-31 05:55:23
5,Kaitangata,NZ,-46.2817,169.8464,42.21,85,91,10.94,2022-07-31 05:58:39
6,Saquena,PE,-4.6667,-73.5167,74.34,87,81,2.13,2022-07-31 05:58:39
7,Luderitz,NA,-26.6481,15.1594,50.74,70,0,16.04,2022-07-31 05:58:40
8,Alyangula,AU,-13.8483,136.4192,77.13,66,64,4.65,2022-07-31 05:58:40
9,Qaanaaq,GL,77.484,-69.3632,40.12,67,14,7.02,2022-07-31 05:58:41
10,Yellowknife,CA,62.456,-114.3525,52.32,82,20,5.75,2022-07-31 05:58:41
11,Gari,RU,59.4307,62.3497,75.34,56,99,6.71,2022-07-31 05:58:42
12,Ushuaia,AR,-54.8,-68.3,40.66,81,20,21.85,2022-07-31 05:56:48
13,Asau,RO,46.4333,26.4,65.32,95,100,3.06,2022-07-31 05:58:43
14,Nokaneng,BW,-19.6667,22.2667,57.06,27,3,6.26,2022-07-31 05:58:43
15,Hanna,CA,51.6334,-111.9018,62.85,89,63,1.99,2022-07-31 05:58:44
16,Bethel,US,41.3712,-73.414,69.66,85,0,3.87,2022-07-31 05:58:44
17,Dikson,RU,73.5069,80.5464,41.25,92,84,11.7,2022-07-31 05:58:45
18,Puerto Ayora,EC,-0.7393,-90.3518,69.55,91,59,4.0,2022-07-31 05:58:45
19,Jamestown,US,42.097,-79.2353,62.71,76,0,1.99,2022-07-31 05:58:46
20,Normandin,CA,48.8333,-72.5321,66.51,88,89,0.0,2022-07-31 05:58:46
21,New Norfolk,AU,-42.7826,147.0587,53.1,73,100,3.0,2022-07-31 05:58:47
22,Khatanga,RU,71.9667,102.5,55.18,61,97,14.2,2022-07-31 05:58:47
23,Kapaa,US,22.0752,-159.319,82.38,83,75,10.36,2022-07-31 05:55:01
24,Punta Arenas,CL,-53.15,-70.9167,42.91,61,0,5.75,2022-07-31 05:58:48
25,Cape Town,ZA,-33.9258,18.4232,48.11,92,20,2.3,2022-07-31 05:58:49
26,Husavik,IS,66.0449,-17.3389,44.64,83,100,15.39,2022-07-31 05:58:49
27,Sicamous,CA,50.8331,-118.9856,74.37,47,50,4.79,2022-07-31 05:58:50
28,Auki,SB,-8.7676,160.7034,84.52,67,22,3.87,2022-07-31 05:58:50
29,Pedasi,PA,7.5333,-80.0333,79.07,84,100,9.13,2022-07-31 05:58:51
30,Busselton,AU,-33.65,115.3333,57.43,68,90,10.33,2022-07-31 05:58:51
31,Lexington,US,37.9887,-84.4777,72.12,74,100,5.97,2022-07-31 05:57:14
32,Tshela,CD,-4.9833,12.9333,68.92,90,76,1.9,2022-07-31 05:58:52
33,Sagua La Grande,CU,22.8067,-80.0756,78.87,84,77,11.21,2022-07-31 05:58:53
34,Dunedin,NZ,-45.8742,170.5036,43.81,80,100,10.0,2022-07-31 05:58:53
35,Butaritari,KI,3.0707,172.7902,81.77,70,86,17.45,2022-07-31 05:58:54
36,Baduria,IN,22.7417,88.7858,91.33,49,100,9.95,2022-07-31 05:58:55
37,Maniitsoq,GL,65.4167,-52.9,41.85,95,50,12.64,2022-07-31 05:58:55
38,Bodden Town,KY,19.2833,-81.25,82.92,83,37,1.01,2022-07-31 05:58:56
39,Albany,US,42.6001,-73.9662,63.91,88,0,4.0,2022-07-31 05:55:17
40,Airai,TL,-8.9266,125.4092,72.43,56,68,3.44,2022-07-31 05:58:56
41,Nouadhibou,MR,20.931,-17.0347,71.58,88,40,10.36,2022-07-31 05:58:57
42,Vaini,TO,-21.2,-175.2,77.16,94,20,9.22,2022-07-31 05:58:58
43,Hithadhoo,MV,-0.6,73.0833,79.54,78,100,16.8,2022-07-31 05:58:58
44,Provideniya,RU,64.3833,-173.3,51.24,73,95,4.7,2022-07-31 05:58:59
45,Hermanus,ZA,-34.4187,19.2345,53.33,60,58,3.06,2022-07-31 05:58:59
46,Mahebourg,MU,-20.4081,57.7,74.25,78,75,13.8,2022-07-31 05:57:22
47,Rikitea,PF,-23.1203,-134.9692,72.59,75,14,17.16,2022-07-31 05:59:00
48,Verkhoyansk,RU,67.5447,133.385,81.19,50,100,3.85,2022-07-31 05:59:01
49,Hobart,AU,-42.8794,147.3294,53.46,70,75,12.66,2022-07-31 05:57:36
50,Ambon,ID,-3.6954,128.1814,77.14,94,75,5.75,2022-07-31 06:00:02
51,Georgetown,MY,5.4112,100.3354,89.53,76,20,8.05,2022-07-31 06:00:00
52,Mount Gambier,AU,-37.8333,140.7667,51.71,82,75,21.85,2022-07-31 06:00:03
53,Tuktoyaktuk,CA,69.4541,-133.0374,43.61,69,39,9.62,2022-07-31 06:00:04
54,Port Lincoln,AU,-34.7333,135.8667,54.95,67,34,23.4,2022-07-31 06:00:06
55,Pangnirtung,CA,66.1451,-65.7125,48.76,97,100,2.1,2022-07-31 06:00:06
56,Salalah,OM,17.0151,54.0924,76.87,88,96,10.89,2022-07-31 05:59:11
57,Port Alfred,ZA,-33.5906,26.891,50.18,77,14,3.0,2022-07-31 06:00:08
58,Viet Tri,VN,21.3019,105.4308,87.75,60,88,2.84,2022-07-31 06:00:08
59,Torbay,CA,47.6666,-52.7314,65.39,82,100,5.99,2022-07-31 06:00:09
60,Hoshiarpur,IN,31.5322,75.9172,79.34,89,100,11.34,2022-07-31 06:00:09
61,Abalak,RU,58.1286,68.5944,76.6,51,12,7.87,2022-07-31 06:00:11
62,Providencia,MX,28.7167,-111.5833,85.21,77,33,10.09,2022-07-31 06:00:12
63,Upernavik,GL,72.7868,-56.1549,45.07,82,100,4.97,2022-07-31 06:00:12
64,Atuona,PF,-9.8,-139.0333,76.96,78,13,15.32,2022-07-31 05:58:14
65,Cherskiy,RU,68.75,161.3,69.24,35,6,11.74,2022-07-31 06:00:14
66,Linkou,CN,45.3,130.2833,85.87,62,51,5.84,2022-07-31 06:00:14
67,East London,ZA,-33.0153,27.9116,56.93,56,1,17.96,2022-07-31 06:00:14
68,Hirara,JP,24.8,125.2833,87.66,89,75,10.36,2022-07-31 05:59:38
69,Barrow,US,71.2906,-156.7887,33.82,86,100,6.91,2022-07-31 05:58:28
70,Nanlong,CN,31.3533,106.0631,92.55,54,28,6.06,2022-07-31 06:00:16
71,Nikolskoye,RU,59.7035,30.7861,63.88,65,24,5.35,2022-07-31 06:00:17
72,Aegviidu,EE,59.2858,25.6142,62.17,59,16,3.89,2022-07-31 06:00:17
73,Ahuimanu,US,21.4447,-157.8378,79.75,79,51,4.0,2022-07-31 06:00:18
74,Peniche,PT,39.3558,-9.3811,65.1,96,0,5.57,2022-07-31 06:00:18
75,Ancud,CL,-41.8697,-73.8203,40.23,88,100,3.69,2022-07-31 06:00:19
76,Mandan,US,46.8267,-100.8896,78.78,73,75,10.36,2022-07-31 06:00:03
77,Sohag,EG,26.557,31.6948,88.7,19,9,8.99,2022-07-31 06:00:20
78,Davila,PH,18.4726,120.5763,86.02,75,98,13.8,2022-07-31 06:00:21
79,Paracatu,BR,-17.2222,-46.8747,66.24,47,44,3.06,2022-07-31 05:59:14
80,Navahrudak,BY,53.6,25.8333,61.32,80,100,12.46,2022-07-31 06:00:22
81,Lebu,CL,-37.6167,-73.65,46.4,88,72,2.66,2022-07-31 06:00:22
82,Kiunga,PG,-6.1219,141.2906,82.76,86,64,3.58,2022-07-31 06:00:23
83,Hirtshals,DK,57.5881,9.9592,59.72,89,72,8.63,2022-07-31 06:00:24
84,Nanortalik,GL,60.1432,-45.2371,44.17,88,90,4.05,2022-07-31 06:00:24
85,Vila Franca Do Campo,PT,37.7167,-25.4333,68.41,86,24,5.82,2022-07-31 06:00:25
86,Bow Island,CA,49.8668,-111.3684,67.62,60,82,0.85,2022-07-31 06:00:25
87,Kralendijk,BQ,12.15,-68.2667,80.85,87,2,22.53,2022-07-31 06:00:26
88,Bredasdorp,ZA,-34.5322,20.0403,48.52,79,42,4.34,2022-07-31 05:58:18
89,Kavaratti,IN,10.5669,72.642,81.37,81,100,20.42,2022-07-31 06:00:27
90,Tiznit,MA,29.5833,-9.5,81.37,26,0,4.59,2022-07-31 06:00:28
91,Guerrero Negro,MX,27.9769,-114.0611,70.48,77,7,8.25,2022-07-31 05:58:05
92,Arraial Do Cabo,BR,-22.9661,-42.0278,66.33,66,1,11.41,2022-07-31 06:00:28
93,Tommot,RU,58.9564,126.2925,85.68,45,89,5.48,2022-07-31 06:01:30
94,Flinders,AU,-34.5833,150.8552,60.39,60,100,7.0,2022-07-31 06:01:30
95,Mataura,NZ,-46.1927,168.8643,39.76,97,96,3.85,2022-07-31 05:58:13
96,Araguaina,BR,-7.1911,-48.2072,71.85,59,2,2.51,2022-07-31 05:58:09
97,Ugoofaaru,MV,5.6667,73.0,79.65,82,100,21.09,2022-07-31 06:01:32
98,Kjollefjord,NO,70.9457,27.3465,51.85,100,100,5.75,2022-07-31 06:01:32
99,Harper,LR,4.375,-7.7169,74.89,82,98,5.66,2022-07-31 06:01:33
100,Bambous Virieux,MU,-20.3428,57.7575,74.21,72,93,18.9,2022-07-31 06:01:33
101,Romilly-Sur-Seine,FR,48.5108,3.7263,62.42,70,9,3.56,2022-07-31 06:01:34
102,Skjervoy,NO,70.0311,20.9714,53.6,68,80,6.87,2022-07-31 06:01:34
103,Isangel,VU,-19.55,169.2667,74.41,82,100,9.48,2022-07-31 06:01:35
104,San Vicente,AR,-26.6167,-54.1333,44.04,83,18,2.1,2022-07-31 06:01:36
105,Luganville,VU,-15.5333,167.1667,79.29,80,99,3.8,2022-07-31 06:01:36
106,Campos,BR,-21.75,-41.3,57.42,84,0,4.43,2022-07-31 06:01:37
107,Igrim,RU,63.1906,64.4162,68.54,43,80,11.25,2022-07-31 06:01:37
108,Kerch,UA,45.3583,36.4758,79.02,69,4,12.66,2022-07-31 06:01:38
109,Dombarovskiy,RU,50.7587,59.5386,76.03,41,73,8.25,2022-07-31 06:01:39
110,Bathsheba,BB,13.2167,-59.5167,81.05,96,50,21.34,2022-07-31 06:01:40
111,Pevek,RU,69.7008,170.3133,50.04,58,1,4.7,2022-07-31 06:01:40
112,Navirai,BR,-23.065,-54.1906,53.26,55,1,3.44,2022-07-31 06:01:41
113,Lagoa,PT,39.05,-27.9833,72.01,72,0,4.29,2022-07-31 06:01:41
114,Ahipara,NZ,-35.1667,173.1667,53.78,61,27,16.37,2022-07-31 06:01:42
115,Muhos,FI,64.808,25.9931,56.98,89,100,3.91,2022-07-31 06:01:43
116,Shar,KZ,49.5886,81.0453,83.7,27,62,20.92,2022-07-31 06:01:43
117,Port Elizabeth,ZA,-33.918,25.5701,51.31,84,42,4.0,2022-07-31 06:00:06
118,Mogocha,RU,53.7333,119.7667,74.21,59,100,7.05,2022-07-31 06:01:44
119,Shahrud,IR,36.4182,54.9763,79.83,20,0,9.4,2022-07-31 06:01:44
120,Usinsk,RU,65.9939,57.5281,69.78,64,33,4.18,2022-07-31 06:01:45
121,Saint-Philippe,RE,-21.3585,55.7679,76.21,73,39,15.23,2022-07-31 06:01:46
122,Vostok,RU,46.4856,135.8833,76.23,76,100,3.2,2022-07-31 06:01:46
123,San Quintin,MX,30.4833,-115.95,68.99,81,7,6.42,2022-07-31 06:01:47
124,Kampene,CD,-3.6,26.6667,68.47,93,76,1.68,2022-07-31 05:59:14
125,Severo-Kurilsk,RU,50.6789,156.125,55.72,86,29,12.03,2022-07-31 06:01:48
126,Rawlins,US,41.7911,-107.2387,73.35,28,77,9.57,2022-07-31 06:00:03
127,Norman Wells,CA,65.282,-126.8329,53.89,71,34,6.93,2022-07-31 06:01:49
128,Sovetskiy,RU,61.3614,63.5842,70.2,51,100,9.51,2022-07-31 06:01:49
129,Santa Lucia,ES,27.9117,-15.5407,65.52,73,20,21.85,2022-07-31 05:56:50
130,Kulhudhuffushi,MV,6.6221,73.07,77.79,89,100,18.41,2022-07-31 06:01:50
131,Saint George,US,37.1041,-113.5841,73.99,83,0,5.75,2022-07-31 06:01:51
132,Bluff,NZ,-46.6,168.3333,45.48,73,68,12.75,2022-07-31 06:00:38
133,Vila Velha,BR,-20.3297,-40.2925,66.34,76,60,8.68,2022-07-31 06:00:27
134,Talnakh,RU,69.4865,88.3972,51.21,73,92,19.69,2022-07-31 06:01:52
135,Smidovich,RU,48.6,133.8167,82.63,71,38,7.43,2022-07-31 06:01:52
136,Ribeira Grande,PT,38.5167,-28.7,73.27,74,22,3.71,2022-07-31 06:01:53
137,Sokoni,TZ,-6.4333,39.55,75.97,77,46,10.16,2022-07-31 06:01:53
138,Mana,GF,5.6592,-53.7767,76.5,87,35,6.82,2022-07-31 06:01:54
139,Madison,US,34.7334,-86.5667,76.1,96,86,5.01,2022-07-31 06:01:54
140,Yumen,CN,40.2833,97.2,92.43,15,76,15.05,2022-07-31 06:02:55
141,Sambava,MG,-14.2667,50.1667,71.17,84,15,10.09,2022-07-31 06:02:55
142,Kununurra,AU,-15.7667,128.7333,91.38,13,64,9.22,2022-07-31 06:01:18
143,Nyurba,RU,63.2842,118.3319,81.43,42,52,3.6,2022-07-31 06:02:56
144,Nisia Floresta,BR,-6.0911,-35.2086,72.41,94,100,4.97,2022-07-31 06:02:57
145,Ciudad Bolivar,VE,8.1222,-63.5497,75.81,90,99,8.16,2022-07-31 06:02:57
146,Nhulunbuy,AU,-12.2333,136.7667,81.21,69,75,14.97,2022-07-31 06:01:23
147,Bada,RU,51.392,109.8717,76.1,45,55,5.08,2022-07-31 06:02:58
148,Uruzgan,AF,32.8333,66.0,85.93,28,45,5.57,2022-07-31 06:02:59
149,Narsaq,GL,60.9167,-46.05,46.62,93,27,3.0,2022-07-31 06:02:59
150,Saskylakh,RU,71.9167,114.0833,51.64,91,100,12.3,2022-07-31 06:03:00
151,Meadow Lake,US,34.8014,-106.5436,71.67,66,85,5.21,2022-07-31 06:01:07
152,Seoul,KR,37.5683,126.9778,80.17,89,100,4.61,2022-07-31 06:03:00
153,Yining,CN,29.0361,114.5636,96.12,41,5,2.21,2022-07-31 06:03:01
154,Sungaipenuh,ID,-2.0833,101.3833,82.35,47,42,3.71,2022-07-31 06:03:01
155,Victor Harbor,AU,-35.5667,138.6167,55.0,76,44,4.0,2022-07-31 06:03:02
156,Port Macquarie,AU,-31.4333,152.9167,61.9,62,97,13.78,2022-07-31 06:00:12
157,Vidim,RU,56.4088,103.1106,61.41,99,100,8.39,2022-07-31 06:03:02
158,Pervoye Maya,RU,56.164,44.7196,65.26,65,48,5.82,2022-07-31 06:03:03
159,Hilo,US,19.7297,-155.09,76.24,95,64,1.01,2022-07-31 05:59:07
160,Chuy,UY,-33.6971,-53.4616,47.17,81,59,2.57,2022-07-31 06:03:04
161,Gornopravdinsk,RU,60.05,69.9,72.66,65,98,10.89,2022-07-31 06:03:05
162,Klaksvik,FO,62.2266,-6.589,50.92,81,6,20.24,2022-07-31 06:03:05
163,Sinnamary,GF,5.3833,-52.95,77.67,83,65,6.82,2022-07-31 06:03:06
164,Suileng,CN,47.25,127.0833,86.74,57,54,12.21,2022-07-31 06:03:07
165,Thompson,CA,55.7435,-97.8558,46.56,81,20,2.3,2022-07-31 05:58:18
166,Codrington,AU,-38.2667,141.9667,52.2,79,100,20.96,2022-07-31 06:03:08
167,Buchanan,LR,5.8808,-10.0467,74.68,77,37,3.51,2022-07-31 06:03:09
168,Cap Malheureux,MU,-19.9842,57.6142,74.46,64,83,11.99,2022-07-31 06:03:09
169,Upington,ZA,-28.4478,21.2561,41.86,58,39,6.96,2022-07-31 06:03:10
170,Santa Maria,BR,-29.6842,-53.8069,46.6,91,1,3.96,2022-07-31 06:03:10
171,Tiksi,RU,71.6872,128.8694,53.76,70,100,5.44,2022-07-31 06:03:11
172,Birao,CF,10.2849,22.7882,73.08,89,83,5.48,2022-07-31 06:03:11
173,Sarakhs,IR,36.5449,61.1577,93.51,26,35,10.98,2022-07-31 06:03:12
174,Roald,NO,62.5833,6.1333,61.16,94,75,6.91,2022-07-31 06:03:12
175,Chapais,CA,49.7834,-74.8492,62.38,88,99,4.65,2022-07-31 06:02:47
176,Lompoc,US,34.6391,-120.4579,68.14,95,0,4.61,2022-07-31 06:03:14
177,Roanoke,US,37.271,-79.9414,76.32,87,73,1.01,2022-07-31 06:03:14
178,Ginir,ET,7.1333,40.7,63.93,64,95,10.51,2022-07-31 06:03:15
179,Bull Savanna,JM,17.8868,-77.5902,75.99,81,2,5.68,2022-07-31 06:03:15
180,Marsabit,KE,2.3284,37.9899,65.46,64,54,13.0,2022-07-31 06:03:16
181,Soyo,AO,-6.1349,12.3689,71.42,85,100,8.3,2022-07-31 06:03:17
182,Carnarvon,AU,-24.8667,113.6333,73.26,36,48,3.33,2022-07-31 06:02:28
183,Haimen,CN,23.1935,116.6142,90.81,64,10,10.04,2022-07-31 06:03:18
184,San Patricio,US,28.017,-97.5169,85.89,76,88,11.07,2022-07-31 06:03:19
185,Sitka,US,57.0531,-135.33,58.89,94,100,4.61,2022-07-31 06:03:19
186,Najran,SA,17.4924,44.1277,88.18,30,99,8.39,2022-07-31 06:03:20
187,Sakakah,SA,29.9697,40.2064,95.02,10,53,6.44,2022-07-31 06:04:20
188,Lappeenranta,FI,61.0587,28.1887,59.56,72,0,5.75,2022-07-31 06:01:46
189,Komsomolskiy,UZ,40.4272,71.7189,88.52,22,72,9.22,2022-07-31 06:04:21
190,Namtsy,RU,62.7161,129.6658,84.36,38,46,7.29,2022-07-31 06:04:22
191,Geraldton,AU,-28.7667,114.6,63.01,55,1,10.36,2022-07-31 06:04:22
192,Saint Anthony,US,45.0205,-93.218,75.13,68,0,11.5,2022-07-31 06:04:23
193,Kodiak,US,57.79,-152.4072,60.31,77,100,5.75,2022-07-31 06:04:23
194,Nazarovo,RU,56.0064,90.3914,77.7,55,45,7.05,2022-07-31 06:04:24
195,Pacific Grove,US,36.6177,-121.9166,62.28,90,62,3.0,2022-07-31 06:00:05
196,Kenora,CA,49.8167,-94.4337,62.65,79,74,5.19,2022-07-31 06:01:08
197,Guiyang,CN,26.5833,106.7167,82.18,60,10,5.35,2022-07-31 06:00:08
198,Mar Del Plata,AR,-38.0023,-57.5575,49.87,91,0,4.0,2022-07-31 06:04:25
199,Castro,BR,-24.7911,-50.0119,43.34,88,7,3.11,2022-07-31 06:04:26
200,Yabrud,SY,33.9674,36.6574,79.56,28,2,4.16,2022-07-31 06:04:26
201,Grand Gaube,MU,-20.0064,57.6608,74.37,65,85,13.0,2022-07-31 06:04:27
202,Bengkulu,ID,-3.8004,102.2655,84.52,67,73,6.96,2022-07-31 06:04:28
203,Tuy Hoa,VN,13.0833,109.3,91.8,56,99,4.32,2022-07-31 06:04:28
204,Avarua,CK,-21.2078,-159.775,75.25,73,40,13.8,2022-07-31 06:04:28
205,Ponta Do Sol,PT,32.6667,-17.1,70.43,81,9,5.21,2022-07-31 06:04:29
206,Hasaki,JP,35.7333,140.8333,93.6,73,2,10.29,2022-07-31 06:02:24
207,Qianguo,CN,45.1171,124.8568,87.48,59,20,13.04,2022-07-31 06:04:30
208,Caibarien,CU,22.5206,-79.4669,76.32,84,60,14.7,2022-07-31 06:04:30
209,Zbarazh,UA,49.6636,25.7762,67.55,73,100,9.46,2022-07-31 06:04:31
210,Clinton,US,42.587,-82.9199,72.05,79,0,6.11,2022-07-31 06:01:03
211,Yenagoa,NG,4.9247,6.2642,72.37,97,100,3.51,2022-07-31 06:04:32
212,Jurm,AF,36.8648,70.8342,78.04,35,41,7.54,2022-07-31 06:00:23
213,Dombas,NO,62.0696,9.1235,56.05,72,87,4.56,2022-07-31 06:04:33
214,Redlands,US,34.0556,-117.1825,82.49,53,0,3.44,2022-07-31 06:01:21
215,Waddan,LY,29.1614,16.139,79.61,52,23,3.04,2022-07-31 06:04:35
216,Sri Aman,MY,1.2376,111.4621,80.94,75,100,4.09,2022-07-31 06:04:35
217,Nouakchott,MR,18.0858,-15.9785,76.93,83,76,6.17,2022-07-31 06:04:13
218,Gat,IL,31.61,34.7642,81.39,100,18,3.49,2022-07-31 06:04:36
219,Santa Rita Do Sapucai,BR,-22.2522,-45.7033,48.07,75,3,1.72,2022-07-31 06:04:37
220,Tasiilaq,GL,65.6145,-37.6368,37.56,57,19,5.53,2022-07-31 06:04:37
221,Matara,LK,5.9485,80.5353,84.25,70,89,12.71,2022-07-31 06:04:38
222,Kysyl-Syr,RU,63.8986,122.7617,80.13,45,77,5.79,2022-07-31 06:04:38
223,Zhigansk,RU,66.7697,123.3711,77.25,45,65,18.34,2022-07-31 06:04:39
224,Richards Bay,ZA,-28.783,32.0377,64.27,83,61,6.4,2022-07-31 06:04:40
225,Nizwa,OM,22.9333,57.5333,88.88,54,59,5.61,2022-07-31 06:04:40
226,Cabo San Lucas,MX,22.8909,-109.9124,85.51,61,73,6.02,2022-07-31 05:59:54
227,Balikpapan,ID,-1.2675,116.8289,79.79,89,20,5.75,2022-07-31 06:04:41
228,Kokoda,PG,-8.8785,147.7407,80.33,81,77,4.43,2022-07-31 06:04:42
229,Ankazoabo,MG,-22.2833,44.5167,71.44,60,8,4.09,2022-07-31 06:04:42
230,Quatre Cocos,MU,-20.2078,57.7625,74.08,73,90,18.75,2022-07-31 06:04:43
231,Mahajanga,MG,-15.7167,46.3167,75.97,54,0,13.0,2022-07-31 06:05:43
232,Nishihara,JP,26.1842,127.7558,80.65,88,100,19.57,2022-07-31 06:05:44
233,Olafsvik,IS,64.8945,-23.7142,48.43,76,5,8.25,2022-07-31 06:05:44
234,Shimoda,JP,34.6667,138.95,91.11,73,0,14.25,2022-07-31 06:05:45
235,Gazli,UZ,40.1333,63.45,92.91,22,0,10.47,2022-07-31 06:05:45
236,Sibolga,ID,1.7427,98.7792,86.04,61,31,5.61,2022-07-31 06:05:46
237,Ust-Kuyga,RU,70.0167,135.6,78.55,38,67,5.35,2022-07-31 06:05:47
238,Coquimbo,CL,-29.9533,-71.3436,55.13,94,100,2.3,2022-07-31 06:05:47
239,Viedma,AR,-40.8135,-62.9967,42.85,72,94,4.43,2022-07-31 06:05:48
240,Uusikaupunki,FI,60.8004,21.4084,64.85,71,92,8.84,2022-07-31 06:05:49
241,Chillicothe,US,39.3331,-82.9824,64.26,99,0,0.0,2022-07-31 06:05:49
242,Zarand,IR,30.8127,56.564,85.75,28,5,5.68,2022-07-31 06:05:50
243,Faanui,PF,-16.4833,-151.75,79.18,72,1,23.6,2022-07-31 06:05:50
244,Fort Saint James,CA,54.4333,-124.25,66.24,54,30,2.15,2022-07-31 06:05:51
245,Touros,BR,-5.1989,-35.4608,75.7,85,97,10.54,2022-07-31 06:05:51
246,Kloulklubed,PW,7.0419,134.2556,84.7,77,100,10.74,2022-07-31 06:05:52
247,Rovaniemi,FI,66.5,25.7167,51.21,93,100,5.75,2022-07-31 06:05:52
248,Vao,NC,-22.6667,167.4833,68.04,77,99,26.19,2022-07-31 06:05:53
249,Ofunato,JP,39.0717,141.7167,89.13,57,4,5.57,2022-07-31 06:05:53
250,Alofi,NU,-19.0595,-169.9187,77.49,80,7,20.71,2022-07-31 06:05:54
251,Fortuna,US,40.5982,-124.1573,60.93,87,64,1.48,2022-07-31 06:05:54
252,Concarneau,FR,47.875,-3.9225,65.82,95,5,4.09,2022-07-31 06:05:55
253,Andenes,NO,69.3143,16.1194,60.78,63,10,13.8,2022-07-31 06:05:55
254,Aksu,CN,41.1231,80.2644,84.99,28,98,1.99,2022-07-31 06:05:56
255,Bang Phae,TH,13.6916,99.9298,93.9,82,100,5.44,2022-07-31 06:05:57
256,Stromness,GB,58.965,-3.296,52.88,83,84,10.0,2022-07-31 06:05:57
257,Port Antonio,JM,18.18,-76.4612,80.01,83,29,7.78,2022-07-31 06:05:58
258,Piploda,IN,23.35,75.4333,85.23,63,66,13.8,2022-07-31 06:05:58
259,Chokurdakh,RU,70.6333,147.9167,72.68,36,9,5.79,2022-07-31 06:05:59
260,Boa Vista,BR,2.8197,-60.6733,75.18,88,40,4.61,2022-07-31 06:04:31
261,Zelenoborskiy,RU,66.845,32.3622,54.63,96,96,10.04,2022-07-31 06:06:00
262,Tigil,RU,57.8,158.6667,64.08,53,81,14.03,2022-07-31 06:06:00
263,Morant Bay,JM,17.8815,-76.4093,79.72,84,7,10.25,2022-07-31 06:06:01
264,Okmulgee,US,35.6234,-95.9605,77.85,100,60,6.91,2022-07-31 06:06:01
265,San Cristobal,VE,7.7669,-72.225,73.58,99,56,3.06,2022-07-31 06:06:02
266,Acton,GB,51.509,-0.2762,69.13,80,75,12.66,2022-07-31 06:06:02
267,Iisalmi,FI,63.5592,27.1907,51.89,97,100,5.68,2022-07-31 06:06:03
268,Coahuayana,MX,18.7333,-103.6833,76.57,89,91,4.07,2022-07-31 06:06:03
269,Brae,GB,60.3964,-1.353,53.2,81,30,11.74,2022-07-31 06:06:04
270,Flagstaff,US,35.1981,-111.6513,64.06,95,20,3.44,2022-07-31 06:06:05
271,Vardo,NO,70.3705,31.1107,51.78,100,100,9.22,2022-07-31 06:06:05
272,Terralba,IT,39.7192,8.6392,76.14,56,0,2.37,2022-07-31 06:06:06
273,Saint-Raphael,HT,19.4333,-72.2,72.43,95,73,3.42,2022-07-31 06:06:07
274,Maxixe,MZ,-23.8597,35.3472,67.28,74,0,5.26,2022-07-31 06:06:08
275,Cidreira,BR,-30.1811,-50.2056,54.16,84,7,8.37,2022-07-31 06:01:19
276,Chaumont,FR,48.1167,5.1333,68.34,48,19,2.77,2022-07-31 06:06:09
277,Sagua De Tanamo,CU,20.5819,-75.2414,76.39,92,5,4.63,2022-07-31 06:07:09
278,Zhezkazgan,KZ,47.8043,67.7144,75.18,50,40,11.18,2022-07-31 06:07:10
279,Denpasar,ID,-8.65,115.2167,83.86,70,20,14.97,2022-07-31 06:06:21
280,Leningradskiy,RU,69.3833,178.4167,47.39,72,48,11.68,2022-07-31 06:07:11
281,Praia Da Vitoria,PT,38.7333,-27.0667,69.76,85,2,2.42,2022-07-31 06:07:12
282,Yeniseysk,RU,58.4497,92.1703,82.62,53,14,5.55,2022-07-31 06:07:12
283,Lavrentiya,RU,65.5833,-171.0,45.09,80,84,6.55,2022-07-31 06:06:39
284,Hofn,IS,64.2539,-15.2082,49.37,57,78,9.48,2022-07-31 06:07:14
285,Taiyuan,CN,37.8694,112.5603,84.06,51,0,4.47,2022-07-31 06:07:14
286,Karonga,MW,-9.9333,33.9333,71.6,64,31,2.42,2022-07-31 06:07:15
287,Mattru,SL,7.6244,-11.8332,70.97,89,92,1.21,2022-07-31 06:07:15
288,Lasa,IT,46.6166,10.7002,58.69,69,26,5.61,2022-07-31 06:07:16
289,Guymon,US,36.6828,-101.4816,75.2,83,75,9.22,2022-07-31 06:06:25
290,Sechura,PE,-5.5569,-80.8222,62.56,83,8,9.15,2022-07-31 06:07:17
291,Surgut,RU,61.25,73.4167,64.58,55,0,13.42,2022-07-31 06:07:18
292,Bangkalan,ID,-7.0455,112.7351,85.95,64,100,6.22,2022-07-31 06:07:18
293,Yuksekova,TR,37.5736,44.2872,76.75,31,20,3.44,2022-07-31 06:07:19
294,Mariel,CU,22.9875,-82.7536,77.25,87,78,12.24,2022-07-31 06:07:20
295,Labuhan,ID,-6.8844,112.2051,85.95,57,87,7.38,2022-07-31 06:07:20
296,Hokitika,NZ,-42.7167,170.9667,45.05,72,40,2.04,2022-07-31 06:07:21
297,Babusnica,RS,43.0597,22.4117,64.6,100,43,5.1,2022-07-31 06:07:21
298,Saldanha,ZA,-33.0117,17.9442,49.98,76,5,9.35,2022-07-31 06:07:22
299,Ilulissat,GL,69.2167,-51.1,44.62,81,75,4.61,2022-07-31 06:05:17
300,Clyde River,CA,70.4692,-68.5914,35.83,100,100,10.36,2022-07-31 06:05:08
301,Henderson,US,36.0397,-114.9819,90.82,45,0,9.22,2022-07-31 06:06:50
302,Baiyin,CN,36.5583,104.2081,87.85,31,99,9.95,2022-07-31 06:07:24
303,Fairbanks,US,64.8378,-147.7164,69.22,62,75,10.36,2022-07-31 06:05:33
304,Volary,CZ,48.9088,13.8866,59.25,88,36,2.55,2022-07-31 06:07:25
305,Smithers,CA,54.7804,-127.1743,65.86,82,75,3.83,2022-07-31 06:03:03
306,Muros,ES,42.7762,-9.0603,68.09,74,1,11.25,2022-07-31 06:07:25
307,Virginia Beach,US,36.8529,-75.978,76.01,88,20,0.0,2022-07-31 06:06:04
308,Marseille,FR,43.3333,5.5,75.85,39,3,4.27,2022-07-31 06:04:48
309,Gboko,NG,7.3179,8.9951,71.11,93,100,8.08,2022-07-31 06:07:26
310,Fontanka,UA,46.5626,30.8607,76.8,52,11,13.56,2022-07-31 06:07:27
311,Pangody,RU,65.85,74.4859,60.53,45,36,16.98,2022-07-31 06:07:27
312,Manzanillo,CU,20.3433,-77.1167,75.07,90,2,8.16,2022-07-31 06:07:28
313,Sikasso,ML,10.9167,-7.0,71.17,95,65,3.0,2022-07-31 06:07:29
314,Ca Mau,VN,9.1769,105.15,90.9,57,100,10.36,2022-07-31 06:07:29
315,Kavieng,PG,-2.5744,150.7967,84.18,67,92,11.18,2022-07-31 06:07:29
316,Kamenka,RU,51.3223,42.7678,75.18,47,35,15.57,2022-07-31 06:07:30
317,Chapayeve,UA,49.3662,35.8749,73.38,49,0,10.33,2022-07-31 06:07:31
318,Kaeo,NZ,-35.1,173.7833,52.32,71,6,9.46,2022-07-31 06:07:31
319,Livny,RU,52.4253,37.6069,68.47,57,97,7.94,2022-07-31 06:07:32
320,Namatanai,PG,-3.6667,152.4333,83.25,72,78,10.42,2022-07-31 06:07:32
321,Salsk,RU,46.4725,41.5428,84.61,43,81,12.28,2022-07-31 06:08:32
322,Bonavista,CA,48.6499,-53.1147,60.62,86,90,15.43,2022-07-31 06:08:33
323,Constitucion,CL,-35.3333,-72.4167,49.42,91,58,5.46,2022-07-31 06:08:34
324,Los Llanos De Aridane,ES,28.6585,-17.9182,69.55,81,100,12.66,2022-07-31 06:08:34
325,Mayumba,GA,-3.432,10.6554,71.31,92,96,6.22,2022-07-31 06:08:35
326,Qui Nhon,VN,13.7667,109.2333,89.29,62,48,9.75,2022-07-31 06:08:36
327,Lufilufi,WS,-13.8745,-171.5986,78.58,81,32,19.55,2022-07-31 06:08:36
328,Torzhok,RU,57.0436,34.9622,62.67,61,19,2.82,2022-07-31 06:08:37
329,Lima,PE,-12.0432,-77.0282,57.45,89,100,8.05,2022-07-31 06:04:54
330,Bilibino,RU,68.0546,166.4372,62.4,42,96,7.67,2022-07-31 06:08:38
331,Verkhnevilyuysk,RU,63.4453,120.3167,78.64,53,86,5.46,2022-07-31 06:08:39
332,Matagami,CA,49.7502,-77.6328,57.22,91,99,5.53,2022-07-31 06:08:39
333,Santa Rosa,PH,14.3122,121.1114,87.12,80,97,5.97,2022-07-31 06:08:39
334,Vredendal,ZA,-31.6683,18.5012,45.5,81,0,5.55,2022-07-31 06:08:40
335,Hualmay,PE,-11.0964,-77.6139,61.09,86,5,9.28,2022-07-31 06:08:41
336,Pachino,IT,36.7186,15.0907,82.22,64,0,5.84,2022-07-31 06:08:42
337,Baturaja,ID,-4.1333,104.1667,88.21,53,93,4.65,2022-07-31 06:08:42
338,Veraval,IN,20.9,70.3667,84.25,71,83,14.92,2022-07-31 06:08:42
339,Youghal,IE,51.95,-7.8506,62.1,100,100,10.18,2022-07-31 06:08:43
340,Katherine,AU,-14.4667,132.2667,89.92,20,85,6.91,2022-07-31 06:08:44
341,Taunggyi,MM,20.7833,97.0333,68.45,90,100,2.01,2022-07-31 06:08:44
342,Luan,CH,46.3592,6.9759,61.86,69,6,1.01,2022-07-31 06:08:44
343,Solwezi,ZM,-12.1688,26.3894,59.49,47,0,3.38,2022-07-31 06:08:45
344,Kuusamo,FI,65.9667,29.1833,53.64,100,100,5.75,2022-07-31 06:08:46
345,Katsuura,JP,35.1333,140.3,86.59,71,0,16.17,2022-07-31 06:08:46
346,Gushikawa,JP,26.3544,127.8686,80.6,89,100,13.8,2022-07-31 06:08:47
347,Yangjiang,CN,21.85,111.9667,90.55,62,57,7.65,2022-07-31 06:08:47
348,Santa Marta,CO,11.2408,-74.199,79.09,78,52,15.79,2022-07-31 06:06:58
349,Sterling,US,39.0062,-77.4286,74.52,87,75,3.44,2022-07-31 06:08:48
350,Tukrah,LY,32.5341,20.5791,81.48,67,0,8.01,2022-07-31 06:08:49
351,Victoria,HK,22.2855,114.1577,94.24,69,12,8.01,2022-07-31 06:05:03
352,Gilgit,PK,35.9221,74.3087,86.88,41,21,3.8,2022-07-31 06:08:50
353,Santa Cruz,BO,-17.8,-63.1667,65.66,59,75,5.75,2022-07-31 06:05:37
354,Terrace,CA,54.5163,-128.6035,68.83,91,88,2.17,2022-07-31 06:07:03
355,Ayorou,NE,14.7308,0.9174,86.74,49,100,7.47,2022-07-31 06:08:51
356,Shubarshi,KZ,48.5872,57.1869,80.06,36,4,7.34,2022-07-31 06:08:52
357,Albemarle,US,35.3501,-80.2001,76.6,99,100,0.0,2022-07-31 06:08:52
358,Xacmaz,AZ,41.4635,48.806,82.38,57,93,5.88,2022-07-31 06:08:53
359,Lorengau,PG,-2.0226,147.2712,84.79,66,74,10.87,2022-07-31 06:08:53
360,Winchester,GB,51.0651,-1.3187,67.68,88,40,11.5,2022-07-31 06:08:54
361,Inirida,CO,3.8653,-67.9239,71.64,98,100,0.13,2022-07-31 06:08:55
362,Tazovskiy,RU,67.4667,78.7,53.31,55,1,17.2,2022-07-31 06:08:55
363,Alice Springs,AU,-23.7,133.8833,74.75,20,100,11.5,2022-07-31 06:08:56
364,Donskoye,RU,45.4552,41.9741,83.43,30,0,8.95,2022-07-31 06:08:56
365,Ternate,ID,0.8,127.4,85.26,66,99,4.59,2022-07-31 06:08:57
366,Savannah Bight,HN,16.45,-85.85,82.67,79,96,19.93,2022-07-31 06:08:57
367,Luau,AO,-10.7073,22.2247,63.03,37,0,4.56,2022-07-31 06:08:58
368,Kondinskoye,RU,59.6481,67.41,72.5,63,71,11.74,2022-07-31 06:09:58
369,Sao Gabriel Da Cachoeira,BR,-0.1303,-67.0892,70.75,98,81,1.5,2022-07-31 06:09:59
370,Taldan,RU,53.6667,124.8,81.86,45,98,8.72,2022-07-31 06:10:00
371,Moerai,PF,-22.4333,-151.3333,72.19,78,83,22.97,2022-07-31 06:10:00
372,Ajdabiya,LY,30.7554,20.2263,81.28,61,0,11.3,2022-07-31 06:10:01
373,Jacareacanga,BR,-6.2222,-57.7528,72.41,74,68,0.87,2022-07-31 06:10:01
374,Saryg-Sep,RU,51.5,95.6,84.34,25,72,7.16,2022-07-31 06:10:03
375,Dongkan,CN,33.9997,119.8308,83.46,82,61,15.21,2022-07-31 06:10:03
376,Awjilah,LY,29.1081,21.2869,83.71,37,0,7.74,2022-07-31 06:10:04
377,Nandyal,IN,15.4833,78.4833,90.61,53,100,1.81,2022-07-31 06:10:05
378,Lakes Entrance,AU,-37.8811,147.981,57.13,56,100,14.07,2022-07-31 06:10:06
379,Ketchikan,US,55.3422,-131.6461,63.07,100,100,0.0,2022-07-31 06:10:07
380,Launceston,AU,-41.45,147.1667,55.04,66,100,11.5,2022-07-31 06:10:07
381,Maumere,ID,-8.6199,122.2111,82.85,66,63,5.59,2022-07-31 06:10:08
382,Inhambane,MZ,-23.865,35.3833,67.69,73,0,5.12,2022-07-31 06:10:09
383,Wageningen,NL,51.9667,5.6667,67.06,82,100,6.91,2022-07-31 06:10:09
384,Balkanabat,TM,39.5108,54.3671,89.82,37,45,6.31,2022-07-31 06:10:10
385,Rio Gallegos,AR,-51.6226,-69.2181,35.17,69,99,11.32,2022-07-31 06:10:10
386,Esperance,AU,-33.8667,121.9,59.34,57,21,16.93,2022-07-31 06:10:11
387,Poli,TZ,-3.3333,36.8,60.91,73,71,5.23,2022-07-31 06:10:11
388,Palmerston,AU,-12.486,130.9833,89.04,51,0,8.05,2022-07-31 06:10:12
389,Kikwit,CD,-5.041,18.8162,76.17,38,26,2.26,2022-07-31 06:10:12
390,Xuddur,SO,4.1213,43.8894,77.41,57,10,22.19,2022-07-31 06:10:13
391,Souillac,MU,-20.5167,57.5167,72.0,71,55,16.4,2022-07-31 06:10:13
392,Athabasca,CA,54.7169,-113.2854,53.37,94,42,6.02,2022-07-31 06:10:14
393,Dingle,PH,10.9995,122.6711,87.04,70,98,9.26,2022-07-31 06:10:15
394,Windhoek,NA,-22.5594,17.0832,52.11,35,14,1.01,2022-07-31 06:10:15
395,Buta,CD,2.7858,24.73,71.87,91,95,1.16,2022-07-31 06:10:16
396,Hami,CN,42.8,93.45,93.61,17,94,9.57,2022-07-31 06:10:16
397,Dhidhdhoo,MV,6.8833,73.1,80.98,81,100,20.2,2022-07-31 06:10:17
398,Yei,SS,4.095,30.6779,69.19,88,89,3.36,2022-07-31 06:10:17
399,Sioux Lookout,CA,50.1001,-91.917,62.8,73,85,5.82,2022-07-31 06:10:18
400,Moron,AR,-34.6534,-58.6198,55.96,82,99,3.96,2022-07-31 06:10:19
401,Rocha,UY,-34.4833,-54.3333,47.39,85,100,3.85,2022-07-31 06:09:48
402,Liaoyang,CN,41.2719,123.1731,89.92,70,37,5.61,2022-07-31 06:10:20
403,Necochea,AR,-38.5473,-58.7368,49.32,79,100,5.82,2022-07-31 06:10:20
404,Novo Cruzeiro,BR,-17.4681,-41.8753,63.3,92,94,4.56,2022-07-31 06:10:21
405,Vestmannaeyjar,IS,63.4427,-20.2734,49.89,77,19,14.45,2022-07-31 06:10:21
406,Severomuysk,RU,56.1481,113.4267,59.81,65,98,5.66,2022-07-31 06:10:22
407,Mandalgovi,MN,45.7625,106.2708,84.09,18,36,7.05,2022-07-31 06:10:22
408,Namibe,AO,-15.1961,12.1522,59.52,91,37,3.94,2022-07-31 06:10:23
409,Atar,MR,20.5169,-13.0499,82.45,63,64,4.92,2022-07-31 06:10:24
410,Mount Isa,AU,-20.7333,139.5,83.97,15,100,5.75,2022-07-31 06:10:24
411,Sobolevo,RU,54.4299,31.8996,63.19,71,64,4.99,2022-07-31 06:10:25
412,Asaba,NG,6.2006,6.7338,71.71,98,100,3.56,2022-07-31 06:10:25
413,Lata,PT,40.1629,-8.3327,69.37,54,0,3.04,2022-07-31 06:10:26
414,Cayenne,GF,4.9333,-52.3333,77.09,1,75,0.0,2022-07-31 06:10:26
415,Quebo,GW,11.3333,-14.9333,73.98,91,96,3.98,2022-07-31 06:11:27
416,Udarnyy,RU,54.3409,42.8611,69.4,49,13,5.93,2022-07-31 06:11:28
417,Port Blair,IN,11.6667,92.75,84.88,76,97,14.34,2022-07-31 06:11:28
418,Guaruja,BR,-23.9931,-46.2564,59.52,74,9,3.69,2022-07-31 06:11:29
419,Oktyabrskiy,RU,54.4815,53.471,73.81,57,54,4.88,2022-07-31 06:11:29
420,Aswan,EG,24.0934,32.907,93.54,15,1,12.84,2022-07-31 06:11:30
421,Lafia,NG,8.4833,8.5167,72.28,98,100,2.77,2022-07-31 06:11:31
422,Mildura,AU,-34.2,142.15,57.07,70,100,21.99,2022-07-31 06:11:31
423,Comodoro Rivadavia,AR,-45.8667,-67.5,39.06,56,0,6.91,2022-07-31 06:11:32
424,Quesnel,CA,52.9999,-122.5029,68.5,77,0,0.0,2022-07-31 06:11:32
425,Aitape,PG,-3.1374,142.3475,84.85,69,60,9.44,2022-07-31 06:11:33
426,Lodwar,KE,3.1191,35.5973,81.7,51,46,10.16,2022-07-31 06:11:33
427,Liuli,TZ,-11.0833,34.6333,73.67,58,0,1.7,2022-07-31 06:11:34
428,Ranot,TH,7.7777,100.3213,89.2,62,98,5.64,2022-07-31 06:11:35
429,Hambantota,LK,6.1241,81.1185,85.69,66,89,19.3,2022-07-31 06:11:35
430,Porosozero,RU,62.7191,32.727,51.06,96,100,6.87,2022-07-31 06:11:36
431,Barras,BR,-4.2444,-42.2944,72.57,95,93,3.91,2022-07-31 06:11:36
432,Pak Phanang,TH,8.3511,100.202,96.04,58,100,2.24,2022-07-31 06:11:37
433,Shemonaikha,KZ,50.6328,81.9056,81.21,37,57,18.61,2022-07-31 06:11:38
434,Callaguip,PH,18.0714,120.4867,85.77,76,69,15.39,2022-07-31 06:11:39
435,Opuwo,NA,-18.0607,13.84,53.13,43,45,4.38,2022-07-31 06:11:39
436,Faya,SA,18.3851,42.4509,79.32,46,64,2.77,2022-07-31 06:11:40
437,Sitio Novo Do Tocantins,BR,-5.5183,-47.4611,72.54,73,4,2.95,2022-07-31 06:11:40
438,Havre-Saint-Pierre,CA,50.2334,-63.5986,59.36,94,100,13.8,2022-07-31 06:11:41
439,Tadine,NC,-21.55,167.8833,68.9,84,100,22.39,2022-07-31 06:11:42
440,Trofors,NO,65.5333,13.4063,58.87,63,100,2.46,2022-07-31 06:11:42
441,Fuerte Olimpo,PY,-21.0415,-57.8738,60.01,50,0,4.25,2022-07-31 06:11:43
442,Bac Lieu,VN,9.285,105.7244,88.5,64,100,10.42,2022-07-31 06:08:03
443,Kurchum,KZ,48.5722,83.6542,81.93,30,66,5.86,2022-07-31 06:11:43
444,Magistralnyy,RU,56.1725,107.4458,63.72,93,99,6.2,2022-07-31 06:11:44
445,Miquelon,PM,47.0975,-56.3814,62.6,96,96,17.43,2022-07-31 06:11:44
446,Lusambo,CD,-4.9667,23.45,77.38,54,79,1.16,2022-07-31 06:11:45
447,Vila,PT,42.0304,-8.1588,58.08,57,1,4.43,2022-07-31 06:11:46
448,Hashtrud,IR,37.4779,47.0508,77.38,39,40,9.19,2022-07-31 06:11:46
449,Makubetsu,JP,45.3714,141.8211,70.23,80,82,10.51,2022-07-31 06:11:47
450,Tessalit,ML,20.1986,1.0114,84.81,45,58,10.65,2022-07-31 06:11:48
451,San Policarpo,PH,12.1791,125.5072,85.17,72,100,12.82,2022-07-31 06:11:48
452,Tabora,TZ,-5.0167,32.8,71.78,52,65,8.48,2022-07-31 06:11:49
453,Presidencia Roque Saenz Pena,AR,-26.7852,-60.4388,48.09,54,1,5.66,2022-07-31 06:11:50
454,Gunjur,GM,13.2019,-16.7339,75.27,100,75,16.11,2022-07-31 06:11:50
455,Cockburn Town,TC,21.4612,-71.1419,81.75,87,17,23.87,2022-07-31 06:11:51
456,Asuncion,PY,-25.3007,-57.6359,51.24,87,0,0.0,2022-07-31 06:08:26
457,Kapoeta,SS,4.7717,33.5903,73.15,79,98,6.11,2022-07-31 06:11:52
458,Shache,CN,38.4167,77.2406,88.84,22,98,11.36,2022-07-31 06:11:52
459,Buy,RU,58.4786,41.53,61.63,73,53,4.9,2022-07-31 06:11:53
460,Arinos,BR,-15.9169,-46.1056,64.67,43,0,1.9,2022-07-31 06:11:54
461,Sembe,CG,1.6481,14.5806,70.09,88,52,3.96,2022-07-31 06:11:54
462,Salinopolis,BR,-0.6136,-47.3561,78.19,86,78,9.33,2022-07-31 06:12:55
463,Samarai,PG,-10.6167,150.6667,80.65,81,10,12.17,2022-07-31 06:12:56
464,Townsville,AU,-19.25,146.8,74.28,60,77,17.27,2022-07-31 06:12:56
465,Great Malvern,GB,52.1116,-2.3252,66.7,94,100,1.99,2022-07-31 06:12:57
466,Aykhal,RU,66.0,111.5,69.3,74,88,10.11,2022-07-31 06:12:58
467,Kalmunai,LK,7.4167,81.8167,85.6,63,97,1.48,2022-07-31 06:12:58
468,Gimli,CA,50.6336,-96.9907,66.02,86,73,1.5,2022-07-31 06:09:04
469,College,US,64.8569,-147.8028,68.2,62,100,10.36,2022-07-31 06:12:59
470,Bowen,AU,-20.0167,148.2333,69.73,71,76,18.14,2022-07-31 06:13:00
471,Wanning,CN,18.8003,110.3967,87.93,69,67,8.95,2022-07-31 06:13:00
472,Saint-Georges,GD,12.0564,-61.7485,79.86,85,33,18.19,2022-07-31 06:13:01
473,Mananjary,MG,-21.2167,48.3333,69.98,79,8,3.91,2022-07-31 06:13:01
474,Banjar,ID,-8.19,114.9675,84.88,63,73,2.17,2022-07-31 06:13:02
475,Lake Havasu City,US,34.4839,-114.3224,92.23,53,0,4.61,2022-07-31 06:10:21
476,Beringovskiy,RU,63.05,179.3167,51.12,71,100,2.08,2022-07-31 06:12:20
477,Surt,LY,31.2089,16.5887,81.41,67,0,4.25,2022-07-31 06:13:03
478,Yabelo,ET,4.8833,38.0833,61.72,68,86,4.18,2022-07-31 06:13:04
479,Laguna,US,38.421,-121.4238,76.44,73,0,11.5,2022-07-31 06:13:05
480,Buraydah,SA,26.326,43.975,95.45,37,99,6.29,2022-07-31 06:13:05
481,Valkeakoski,FI,61.2642,24.0312,63.09,66,22,5.48,2022-07-31 06:13:06
482,Kilindoni,TZ,-7.9139,39.6668,75.83,78,5,10.25,2022-07-31 06:13:07
483,Mozelos,PT,41.8677,-8.3978,67.62,53,0,4.92,2022-07-31 06:13:08
484,Suarez,CO,2.954,-76.6964,66.34,96,97,1.74,2022-07-31 06:13:09
485,Ust-Nera,RU,64.5667,143.2,70.05,66,98,3.31,2022-07-31 06:13:09
486,Nogliki,RU,51.8333,143.1667,57.92,75,38,10.71,2022-07-31 06:13:10
487,Charters Towers,AU,-20.1,146.2667,70.02,59,100,14.54,2022-07-31 06:13:10
488,Chegdomyn,RU,51.1167,133.0167,85.95,42,23,4.21,2022-07-31 06:13:11
489,La Paz,BO,-16.5,-68.15,40.98,22,11,5.75,2022-07-31 06:11:46
490,Iqaluit,CA,63.7506,-68.5145,40.73,100,100,0.0,2022-07-31 06:13:12
491,Barreirinhas,BR,-2.7469,-42.8264,75.7,89,71,5.55,2022-07-31 06:13:13
492,Marijampole,LT,54.5667,23.35,54.3,94,100,11.34,2022-07-31 06:13:13
493,Te Anau,NZ,-45.4167,167.7167,37.35,93,65,0.85,2022-07-31 06:13:14
494,Asyut,EG,27.181,31.1837,88.0,25,10,8.3,2022-07-31 06:13:14
495,Sabzevar,IR,36.2126,57.6819,84.56,34,0,8.93,2022-07-31 06:13:15
496,Carutapera,BR,-1.195,-46.02,75.07,94,28,5.5,2022-07-31 06:13:15
497,Ulaangom,MN,49.9811,92.0667,76.15,42,97,5.61,2022-07-31 06:13:16
498,Riyadh,SA,24.6877,46.7219,95.14,46,98,8.12,2022-07-31 06:11:03
499,Marawi,PH,7.9986,124.2928,77.04,81,100,1.57,2022-07-31 06:13:17
500,Sisimiut,GL,66.9395,-53.6735,43.21,91,70,5.08,2022-07-31 06:13:17
501,Tilichiki,RU,60.4667,166.1,53.56,71,97,5.61,2022-07-31 06:13:18
502,Nioro,GM,13.35,-15.75,73.27,96,94,5.21,2022-07-31 06:13:19
503,Broken Hill,AU,-31.95,141.4333,61.77,33,81,26.35,2022-07-31 06:13:19
504,Longyearbyen,SJ,78.2186,15.6401,48.04,87,75,4.61,2022-07-31 06:13:20
505,Izberbash,RU,42.5696,47.8645,82.45,59,62,9.64,2022-07-31 06:13:20
506,Atambua,ID,-9.1061,124.8925,82.06,61,67,1.79,2022-07-31 06:13:21
507,Porto Novo,BJ,6.4965,2.6036,75.02,84,100,8.14,2022-07-31 06:13:21
508,Sandovo,RU,58.4602,36.4128,59.36,75,45,4.18,2022-07-31 06:14:22
509,Sarangani,PH,5.4033,125.4636,81.09,74,100,9.37,2022-07-31 06:14:23
510,Maragogi,BR,-9.0122,-35.2225,74.73,86,99,8.12,2022-07-31 06:14:23
511,Sungairaya,ID,0.7,108.9,78.04,82,100,7.78,2022-07-31 06:14:24
512,Chum Phae,TH,16.5443,102.0992,88.59,60,99,2.8,2022-07-31 06:14:24
513,Altay,CN,47.8667,88.1167,82.71,28,68,10.49,2022-07-31 06:14:25
514,Jieshi,CN,22.8134,115.8257,88.54,70,43,15.17,2022-07-31 06:14:25
515,Petropavlovsk-Kamchatskiy,RU,53.0452,158.6483,57.79,88,75,11.18,2022-07-31 06:14:26
516,Shahr-E Babak,IR,30.1165,55.1186,80.17,39,38,3.87,2022-07-31 06:14:27
517,Gigmoto,PH,13.7796,124.39,87.24,67,99,9.35,2022-07-31 06:14:27
518,Wonthaggi,AU,-38.6044,145.5913,54.82,58,100,19.04,2022-07-31 06:14:28
519,Kathu,TH,7.9178,98.3332,89.69,86,100,15.1,2022-07-31 06:14:29
520,Paamiut,GL,61.994,-49.6678,42.64,94,85,7.34,2022-07-31 06:14:29
521,Tual,ID,-5.6667,132.75,79.32,85,74,16.8,2022-07-31 06:14:30
522,Tomatlan,MX,19.9333,-105.25,76.77,85,100,3.53,2022-07-31 06:14:31
523,Xining,CN,36.6167,101.7667,77.81,45,84,8.21,2022-07-31 06:10:38
524,Muroto,JP,33.2833,134.15,83.53,80,50,7.11,2022-07-31 06:14:32
525,Batagay-Alyta,RU,67.8006,130.4114,80.65,45,99,7.85,2022-07-31 06:12:19
526,Bandarbeyla,SO,9.4942,50.8122,84.13,54,93,29.1,2022-07-31 06:14:33
527,Mangrol,IN,21.1167,70.1167,84.13,71,80,15.1,2022-07-31 06:14:33
528,Conceicao Do Araguaia,BR,-8.2578,-49.2647,70.88,47,0,0.29,2022-07-31 06:14:34
529,Bairiki,KI,1.3292,172.9752,82.4,74,40,12.66,2022-07-31 06:14:34
530,Nobres,BR,-14.7203,-56.3275,67.12,52,5,0.31,2022-07-31 06:14:35
531,Silikatnyy,RU,53.9896,48.3275,64.47,86,98,6.53,2022-07-31 06:14:36
532,Leh,IN,34.1667,77.5833,66.18,44,90,7.29,2022-07-31 06:14:36
533,Sao Filipe,CV,14.8961,-24.4956,77.16,79,98,7.25,2022-07-31 06:14:37
534,Belaya Gora,RU,68.5333,146.4167,73.47,42,36,4.21,2022-07-31 06:12:20
535,Egvekinot,RU,66.3167,-179.1667,51.55,52,100,3.33,2022-07-31 06:14:38
536,Hervey Bay,AU,-25.2986,152.8535,68.02,59,100,3.0,2022-07-31 06:14:39
537,Kamalasai,TH,16.3384,103.5756,90.05,52,100,6.98,2022-07-31 06:14:39
538,Anchorage,US,61.2181,-149.9003,62.69,82,100,12.66,2022-07-31 06:14:40
539,Wencheng,CN,33.0559,113.7978,90.12,51,25,3.49,2022-07-31 06:14:41
540,Moyo,UG,3.6609,31.7247,66.38,92,94,1.92,2022-07-31 06:14:41
541,Sao Joao Da Barra,BR,-21.6403,-41.0511,61.07,81,0,8.19,2022-07-31 06:14:42
542,Erice,IT,38.037,12.5865,74.37,73,0,2.3,2022-07-31 06:14:43
543,Anloga,GH,5.7947,0.8973,74.68,85,100,13.53,2022-07-31 06:14:43
544,Poplar Bluff,US,36.757,-90.3929,71.49,90,100,0.0,2022-07-31 06:13:01
545,Rio Grande,BR,-32.035,-52.0986,50.41,75,44,6.29,2022-07-31 06:14:44
546,Seymchan,RU,62.8833,152.4333,73.27,32,16,11.61,2022-07-31 06:14:44
547,Sereflikochisar,TR,38.9393,33.5386,77.18,33,0,5.46,2022-07-31 06:14:45
548,Aljezur,PT,37.3191,-8.8033,69.19,60,0,1.68,2022-07-31 06:14:46
549,Igarka,RU,67.4667,86.5833,50.4,69,55,26.98,2022-07-31 06:14:46
550,Nome,US,64.5011,-165.4064,60.17,58,0,4.61,2022-07-31 06:14:47
551,Tyrma,RU,50.0833,132.1667,87.44,43,30,2.08,2022-07-31 06:14:48
552,Ayan,RU,56.45,138.1667,59.65,91,76,13.82,2022-07-31 06:14:48
553,Arbagar,RU,51.9438,116.2805,79.03,44,8,6.91,2022-07-31 06:15:49
554,Ust-Maya,RU,60.4167,134.5333,83.95,45,78,2.3,2022-07-31 06:15:50
555,Shagamu,NG,6.8432,3.6478,71.51,94,99,3.49,2022-07-31 06:15:50
556,Ritchie,ZA,-29.038,24.6028,36.61,60,38,3.4,2022-07-31 06:15:51
557,Sola,VU,-13.8833,167.55,81.27,83,40,0.0,2022-07-31 06:15:52
558,Kruisfontein,ZA,-34.0033,24.7314,49.71,79,89,13.62,2022-07-31 06:15:52
559,Hamilton,US,39.1834,-84.5333,68.99,89,0,3.44,2022-07-31 06:10:56
560,Lamu,KE,-2.2717,40.902,79.02,82,45,14.76,2022-07-31 06:15:53
561,Chernyshevskiy,RU,63.0128,112.4714,77.67,45,32,5.79,2022-07-31 06:15:53
562,Okhotsk,RU,59.3833,143.3,58.96,88,100,13.13,2022-07-31 06:15:54
563,Trairi,BR,-3.2778,-39.2689,75.87,89,76,7.61,2022-07-31 06:12:47
564,Havoysund,NO,70.9963,24.6622,52.03,86,98,9.13,2022-07-31 06:15:55
565,Hovd,MN,48.0056,91.6419,80.31,25,75,9.93,2022-07-31 06:15:55
566,Beian,NO,63.6559,9.5683,59.0,94,75,1.14,2022-07-31 06:15:56
567,Dwarka,IN,22.2394,68.9678,82.47,75,96,17.98,2022-07-31 06:15:57
568,Moree,AU,-29.4667,149.85,64.47,47,100,13.13,2022-07-31 06:15:57
569,Port Hardy,CA,50.6996,-127.4199,62.78,88,20,5.75,2022-07-31 06:15:06
570,Catuday,PH,16.2923,119.8062,82.78,79,98,17.16,2022-07-31 06:15:58
571,Buin,CL,-33.7333,-70.75,52.74,85,18,2.21,2022-07-31 06:15:59
572,Tateyama,JP,34.9833,139.8667,84.4,77,0,18.45,2022-07-31 06:15:59
573,Weligama,LK,5.9667,80.4167,83.55,71,79,11.95,2022-07-31 06:16:00
574,Entre Rios,BR,-11.9419,-38.0844,69.04,99,41,3.47,2022-07-31 06:15:54
575,Nantucket,US,41.2835,-70.0995,72.14,83,0,4.61,2022-07-31 06:16:01
576,Aasiaat,GL,68.7098,-52.8699,38.95,97,100,12.64,2022-07-31 06:16:02
577,Ponta Delgada,PT,37.7333,-25.6667,68.72,88,20,5.75,2022-07-31 06:16:02
578,Paonta Sahib,IN,30.45,77.6167,75.69,96,100,2.39,2022-07-31 06:16:03
579,Makat,KZ,47.6469,53.3463,87.91,26,2,9.91,2022-07-31 06:16:04
580,Quelimane,MZ,-17.8786,36.8883,64.35,94,20,3.44,2022-07-31 06:16:04
581,Bonfim,BR,3.0833,-59.95,72.57,93,100,2.44,2022-07-31 06:16:05
582,Tsumeb,NA,-19.2333,17.7167,58.14,29,3,5.17,2022-07-31 06:16:05
583,Morehead,US,37.2711,-87.1764,70.0,97,100,4.61,2022-07-31 06:16:06
584,Piacabucu,BR,-10.4056,-36.4344,73.74,87,55,8.79,2022-07-31 06:16:06
585,Takoradi,GH,4.8845,-1.7554,73.31,83,100,8.59,2022-07-31 06:15:41
586,Half Moon Bay,US,37.4636,-122.4286,64.9,90,100,8.05,2022-07-31 06:13:56
587,Tautira,PF,-17.7333,-149.15,77.52,74,18,24.54,2022-07-31 06:16:07
588,Kautokeino,NO,69.0125,23.0412,47.32,79,98,2.1,2022-07-31 06:16:08
589,Flin Flon,CA,54.7682,-101.865,56.7,63,100,4.56,2022-07-31 06:15:05
590,Anahuac,MX,27.2333,-100.15,83.1,56,71,22.28,2022-07-31 06:16:09
591,Bahia Blanca,AR,-38.7196,-62.2724,47.53,81,100,3.0,2022-07-31 06:16:10
592,Northam,GB,51.0333,-4.2167,64.38,98,100,17.83,2022-07-31 06:16:10
593,Abha,SA,18.2164,42.5053,79.05,26,0,4.61,2022-07-31 06:16:11
594,Bambanglipuro,ID,-7.95,110.2833,81.93,70,88,12.44,2022-07-31 06:16:11
595,Axim,GH,4.8699,-2.2405,73.98,82,100,8.25,2022-07-31 06:16:12
596,Camacha,PT,33.0833,-16.3333,67.42,73,40,6.91,2022-07-31 06:16:12
597,Khorixas,NA,-20.3667,14.9667,49.23,45,1,2.86,2022-07-31 06:16:13
598,Show Low,US,34.2542,-110.0298,61.14,92,0,0.0,2022-07-31 06:16:13
599,Tabivere,EE,58.5542,26.5956,63.05,65,2,2.82,2022-07-31 06:17:14
600,Chara,RU,56.9064,118.2631,76.68,42,77,13.87,2022-07-31 06:17:14
601,Karratha,AU,-20.7377,116.8463,80.31,25,6,16.8,2022-07-31 06:17:15
602,Wangou,CN,42.0623,126.9127,77.27,86,100,2.48,2022-07-31 06:17:16
603,Danane,CI,7.2596,-8.155,68.16,96,92,2.44,2022-07-31 06:17:16
604,Matay,EG,28.419,30.7792,84.11,32,19,9.31,2022-07-31 06:17:17
605,Aras,ES,42.5617,-2.356,63.03,82,0,5.75,2022-07-31 06:17:17
606,Khani,GE,41.9563,42.9566,67.57,60,34,3.87,2022-07-31 06:17:18
607,Mogadishu,SO,2.0371,45.3438,77.7,72,69,16.2,2022-07-31 06:17:18
608,San Jeronimo,PE,-11.9472,-75.2829,46.06,80,1,1.74,2022-07-31 06:17:19
609,Kamphaeng Phet,TH,16.25,99.5,92.59,54,100,3.51,2022-07-31 06:17:19
610,Pombas,CV,17.1503,-25.0201,73.18,78,99,6.53,2022-07-31 06:17:20
611,Mehamn,NO,71.0357,27.8492,51.75,100,100,4.61,2022-07-31 06:17:20
612,Kozyatyn,UA,49.7143,28.8339,73.33,40,100,14.43,2022-07-31 06:17:21
613,Preobrazheniye,RU,42.9019,133.9064,77.54,79,100,6.11,2022-07-31 06:17:22
614,Paso De Carrasco,UY,-34.8603,-56.0522,51.94,87,0,0.0,2022-07-31 06:17:22
615,Tougan,BF,13.0667,-3.0667,75.88,78,70,6.55,2022-07-31 06:17:23
616,Canon City,US,38.441,-105.2424,71.76,66,0,4.61,2022-07-31 06:17:23
617,Sorland,NO,67.667,12.6934,60.66,83,47,9.82,2022-07-31 06:17:24
618,Kutum,SD,14.2,24.6667,71.1,72,100,10.78,2022-07-31 06:17:24
619,Bobo Dioulasso,BF,11.1771,-4.2979,73.85,100,0,2.3,2022-07-31 06:17:25
620,Wuwei,CN,37.9281,102.6414,92.32,23,26,7.99,2022-07-31 06:17:25
621,Wewak,PG,-3.5534,143.6268,84.06,71,87,9.75,2022-07-31 06:17:26
622,Lamont,US,35.2597,-118.9143,90.14,41,71,2.3,2022-07-31 06:17:26
623,Kargasok,RU,59.0556,80.8572,70.63,74,93,12.33,2022-07-31 06:17:27
624,Benghazi,LY,32.1167,20.0667,81.36,70,0,10.04,2022-07-31 06:17:27
625,Maun,BW,-19.9833,23.4167,56.5,28,3,5.97,2022-07-31 06:17:28
626,Killybegs,IE,54.6333,-8.45,56.19,80,97,11.32,2022-07-31 06:17:28
627,Singkang,MY,2.1006,102.7994,84.33,79,68,5.32,2022-07-31 06:17:28
628,Moundsville,US,39.9203,-80.7431,67.95,93,78,1.77,2022-07-31 06:17:29
629,Le Vauclin,MQ,14.5452,-60.8388,82.45,83,100,16.11,2022-07-31 06:17:29
630,Vysokogornyy,RU,50.1167,139.15,72.55,70,90,3.65,2022-07-31 06:17:30
631,Avera,US,33.194,-82.5271,75.54,86,76,4.27,2022-07-31 06:17:30
632,Syamzha,RU,60.0158,41.0614,64.4,64,10,5.35,2022-07-31 06:17:31
633,Meulaboh,ID,4.1363,96.1285,85.8,63,99,5.48,2022-07-31 06:17:32
634,Port-Gentil,GA,-0.7193,8.7815,75.16,88,75,11.5,2022-07-31 06:14:20
635,Pisco,PE,-13.7,-76.2167,57.25,82,0,2.3,2022-07-31 06:17:33
636,Guanica,PR,17.9716,-66.908,83.05,84,9,7.85,2022-07-31 06:17:34
637,Majene,ID,-3.5403,118.9707,81.77,77,99,9.01,2022-07-31 06:17:35
638,Foundiougne,SN,14.1333,-16.4667,78.17,82,100,7.0,2022-07-31 06:17:35
639,Prachuap Khiri Khan,TH,12.2167,99.75,91.58,55,97,9.95,2022-07-31 06:17:36
640,Ures,MX,29.4333,-110.4,77.23,79,80,1.77,2022-07-31 06:17:36
641,Saint-Pierre,RE,-21.3393,55.4781,76.68,56,0,5.75,2022-07-31 06:17:37
642,Villa Carlos Paz,AR,-31.4241,-64.4978,43.88,41,2,3.69,2022-07-31 06:14:52
643,Ust-Shonosha,RU,61.1531,41.343,65.88,62,24,4.09,2022-07-31 06:17:39
644,Buala,SB,-8.145,159.5921,84.36,68,55,7.02,2022-07-31 06:17:39
645,Pemangkat,ID,1.1667,108.9667,79.34,79,100,7.61,2022-07-31 06:17:40
646,Holme,DK,56.1138,10.1725,63.97,91,49,5.03,2022-07-31 06:18:41
647,Narasannapeta,IN,18.4167,84.05,89.96,63,100,9.62,2022-07-31 06:18:41
648,Pimentel,PE,-6.8367,-79.9342,62.19,84,90,9.89,2022-07-31 06:18:42
649,Shimanovsk,RU,52.0,127.7,85.8,42,100,11.34,2022-07-31 06:18:42
650,Haverfordwest,GB,51.8017,-4.9691,63.99,97,100,1.99,2022-07-31 06:18:43
651,Vadso,NO,70.0744,29.7487,54.48,95,100,11.65,2022-07-31 06:18:44
652,Wolow,PL,51.3366,16.6443,65.08,94,100,9.6,2022-07-31 06:18:44
653,Lujan,AR,-34.5703,-59.105,52.02,83,90,6.26,2022-07-31 06:18:45
654,Shaygino,RU,57.7675,46.8618,68.68,61,71,7.99,2022-07-31 06:18:46
655,Laguna Beach,US,33.5423,-117.7831,75.6,87,40,5.75,2022-07-31 06:18:21
656,Damghan,IR,36.1683,54.348,81.43,28,0,3.78,2022-07-31 06:18:47
657,Portland,US,45.5234,-122.6762,84.15,53,0,4.61,2022-07-31 06:16:02
658,Qaqortoq,GL,60.7167,-46.0333,42.42,94,31,3.2,2022-07-31 06:18:48
659,Tolcsva,HU,48.2833,21.45,67.48,86,78,5.08,2022-07-31 06:18:49
660,Chingirlau,KZ,51.095,54.0814,74.57,49,100,4.76,2022-07-31 06:18:50
661,Victoria Point,AU,-27.5833,153.3,66.15,67,97,1.01,2022-07-31 06:18:50
662,Aberdeen,GB,57.1437,-2.0981,55.49,94,100,4.61,2022-07-31 06:16:53
663,Umm Kaddadah,SD,13.6017,26.6876,83.86,56,68,11.07,2022-07-31 06:18:51
664,Shenjiamen,CN,29.9576,122.298,86.11,72,50,10.67,2022-07-31 06:18:52
665,Tecolutla,MX,20.4833,-97.0167,76.48,85,38,4.94,2022-07-31 06:18:52
666,Mayo,US,38.8876,-76.5119,75.94,83,0,3.44,2022-07-31 06:18:53
667,Diu,IN,20.7141,70.9822,85.23,68,74,14.7,2022-07-31 06:17:51
668,Kupang,ID,-10.1667,123.5833,84.67,58,75,10.71,2022-07-31 06:15:37
669,Namie,JP,37.4833,141.0,99.72,63,6,1.01,2022-07-31 06:18:54
670,Olinda,BR,-8.0089,-34.8553,73.13,94,75,4.61,2022-07-31 06:17:57
671,Ladario,BR,-19.0047,-57.6017,62.29,54,0,2.44,2022-07-31 06:18:55
672,Antalaha,MG,-14.9003,50.2788,71.65,81,54,6.96,2022-07-31 06:18:56
673,Morondava,MG,-20.2833,44.2833,73.92,67,35,3.78,2022-07-31 06:18:57
674,Gafanha Da Encarnacao,PT,40.6181,-8.733,65.01,81,0,2.84,2022-07-31 06:18:58
675,Dengzhou,CN,37.8086,120.7508,80.55,84,65,14.36,2022-07-31 06:18:58
676,Khor,RU,47.8861,134.9464,85.06,61,83,1.45,2022-07-31 06:18:59
677,Conde,BR,-7.2597,-34.9075,72.86,100,75,4.61,2022-07-31 06:19:00
678,Anadyr,RU,64.75,177.4833,57.7,58,0,8.95,2022-07-31 06:19:00
679,Tanout,NE,14.9709,8.8879,77.79,63,100,11.65,2022-07-31 06:19:01
680,Segou,ML,13.4317,-6.2157,75.25,83,79,5.35,2022-07-31 06:19:01
681,Tutin,RS,42.9903,20.3314,61.39,92,45,3.06,2022-07-31 06:19:02
682,Aklavik,CA,68.2191,-135.0107,48.83,78,82,4.65,2022-07-31 06:19:02
683,Goderich,CA,43.7501,-81.7165,66.9,82,4,13.53,2022-07-31 06:15:05
684,Ustka,PL,54.5805,16.8619,61.65,71,100,6.35,2022-07-31 06:19:04
685,Puerto Baquerizo Moreno,EC,-0.9,-89.6,69.66,85,60,9.46,2022-07-31 06:19:04
686,Adrar,MR,20.5022,-10.0711,84.49,52,7,9.35,2022-07-31 06:19:05
687,Tuatapere,NZ,-46.1333,167.6833,42.31,88,61,7.31,2022-07-31 06:19:06
688,Ambovombe,MG,-25.1667,46.0833,73.2,60,26,3.29,2022-07-31 06:20:06
689,Stornoway,GB,58.2093,-6.3865,52.03,93,40,3.44,2022-07-31 06:17:24
690,Wagar,SD,16.1525,36.2032,83.23,60,10,19.8,2022-07-31 06:20:07
691,Ramona,US,33.0417,-116.8681,74.86,78,20,3.44,2022-07-31 06:20:08
